,image_names,Area,small_objects_threshold,dq_metrics,sq_metrics,pq_metrics,precision_metrics,recall_metrics,dice_list,aji_list,aji_plus_list,prec_d_metrics,rec_d_metrics,f1_d_metrics
0,ID10_Aud_Cortex_Tursiops_1,Auditory Cortex,20,0.6567163983069733,0.8283467410124429,0.5439888883070106,0.7096773964620194,0.611111094135803,0.8946483493584315,0.6151891586326828,0.6842795965821052,0.7419354838709677,0.6388888888888888,0.6865671641791045
1,ID10_Aud_Cortex_Tursiops_10,Auditory Cortex,20,0.7213114517602802,0.8037843725834207,0.5797788726903732,0.7333333088888897,0.7096773964620194,0.8069749159717734,0.5913978494000213,0.6282289969015326,0.7,0.6774193548387096,0.6885245901639344
2,ID10_Aud_Cortex_Tursiops_11,Auditory Cortex,20,0.8666666377777787,0.8136220923359447,0.7051391231865146,0.8666666377777787,0.8666666377777787,0.8884085715501507,0.7800762111290064,0.7818001759703125,0.8666666666666667,0.8666666666666667,0.8666666666666667
3,ID10_Aud_Cortex_Tursiops_12,Auditory Cortex,20,0.7164178890621526,0.773736451620565,0.5543186353604456,0.8571428265306134,0.6153845996055232,0.8483206933336728,0.5885671304448508,0.6653134866187062,0.8928571428571429,0.6410256410256411,0.746268656716418
4,ID10_Aud_Cortex_Tursiops_13,Auditory Cortex,20,0.9189188692476287,0.7905695766894794,0.7264693014730729,0.8947367950138528,0.9444443919753115,0.8530997303432479,0.7438307871342348,0.7438307871342348,0.8947368421052632,0.9444444444444444,0.918918918918919
5,ID10_Aud_Cortex_Tursiops_14,Auditory Cortex,20,0.7999999753846162,0.8053973865938151,0.6443178894498863,0.8666666377777787,0.7428571216326537,0.8924802508054948,0.5841080651105198,0.6973387921497094,0.9333333333333333,0.8,0.8615384615384616
6,ID10_Aud_Cortex_Tursiops_15,Auditory Cortex,20,0.7777777489711944,0.814519624041635,0.6335152396799665,0.7777777489711944,0.7777777489711944,0.8582010581361904,0.7197164947526138,0.7278307430158246,0.8148148148148148,0.8148148148148148,0.8148148148148148
7,ID10_Aud_Cortex_Tursiops_16,Auditory Cortex,20,0.9230768875739658,0.8160771217199353,0.7533019295375583,0.9230768875739658,0.9230768875739658,0.900132372341511,0.8137921834315336,0.8137921834315336,0.8846153846153846,0.8846153846153846,0.8846153846153846
8,ID10_Aud_Cortex_Tursiops_2,Auditory Cortex,20,0.7843136947327962,0.7649541554662975,0.5999640199749776,0.7692307396449716,0.7999999680000013,0.859220524482456,0.7454983693824616,0.7519324361935396,0.8076923076923077,0.84,0.8235294117647058
9,ID10_Aud_Cortex_Tursiops_3,Auditory Cortex,20,0.7249999818750005,0.8046393666822099,0.583363526260514,0.7073170559190962,0.7435897245233405,0.8694953206137971,0.6670295771486999,0.6684548327743601,0.7560975609756098,0.7948717948717948,0.775
10,ID10_Aud_Cortex_Tursiops_4,Auditory Cortex,20,0.7169811050195809,0.8156119657687372,0.5847783684840617,0.7037036776406045,0.7307692026627229,0.9097172965391773,0.7449450456628118,0.8004195931040391,0.7037037037037037,0.7307692307692307,0.7169811320754716
11,ID10_Aud_Cortex_Tursiops_5,Auditory Cortex,20,0.7692307297830394,0.8044061144266985,0.6187739024423884,0.7894736426592819,0.7499999625000018,0.8950646860808924,0.7314681656776744,0.7847776509713829,0.8947368421052632,0.85,0.8717948717948718
12,ID10_Aud_Cortex_Tursiops_6,Auditory Cortex,20,0.885714260408164,0.8077830334044505,0.7154649520020862,0.885714260408164,0.885714260408164,0.8726769017157637,0.7287626066011673,0.7416566143202998,0.8285714285714286,0.8285714285714286,0.8285714285714286
13,ID10_Aud_Cortex_Tursiops_7,Auditory Cortex,20,0.7118643826486649,0.7978895362230621,0.5679891421252596,0.7499999732142867,0.677419332986473,0.8834964471857155,0.6660522272743418,0.7324352571440674,0.8928571428571429,0.8064516129032258,0.847457627118644
14,ID10_Aud_Cortex_Tursiops_8,Auditory Cortex,20,0.7999999709090919,0.785166375620266,0.6281330776550099,0.8148147846364894,0.7857142576530622,0.8601262369780934,0.6520855742019738,0.7204719130284928,0.7037037037037037,0.6785714285714286,0.6909090909090909
15,ID10_Aud_Cortex_Tursiops_9,Auditory Cortex,20,0.8571428265306134,0.7776228992601938,0.6665338898468129,0.8888888559670793,0.8275861783590973,0.8944460267220481,0.5402171657417375,0.6855496878842486,0.8148148148148148,0.7586206896551724,0.7857142857142857
16,ID14_Aud_Cortex_Tursiops_1,Auditory Cortex,20,0.6499999837500005,0.7987797065450939,0.5192067962741411,0.6666666495726501,0.6341463259964311,0.8052610231875971,0.5731868494487703,0.6462228156575521,0.6153846153846154,0.5853658536585366,0.6
17,ID14_Aud_Cortex_Tursiops_10,Auditory Cortex,20,0.7826086729678646,0.8305782182179735,0.6500177171555818,0.8709677138397511,0.7105262970914132,0.8876399317783369,0.7012711863894454,0.734478625590533,0.9032258064516129,0.7368421052631579,0.8115942028985508
18,ID14_Aud_Cortex_Tursiops_11,Auditory Cortex,20,0.8064515868886585,0.7916967075783704,0.638465066161103,0.8928571109693889,0.7352940960207619,0.9012155452319114,0.7781724885752741,0.7935516887621749,0.9285714285714286,0.7647058823529411,0.8387096774193549
19,ID14_Aud_Cortex_Tursiops_12,Auditory Cortex,20,0.8157894522160671,0.7786490598563188,0.6352136900087421,0.9117646790657448,0.7380952205215424,0.8622179548136466,0.6361702127015025,0.7292457304637991,0.9411764705882353,0.7619047619047619,0.8421052631578947
20,ID14_Aud_Cortex_Tursiops_13,Auditory Cortex,20,0.7384615157396457,0.809024438697109,0.5974334132706832,0.7741935234131121,0.7058823321799315,0.8873918345497769,0.727255204247566,0.7584763071120837,0.8387096774193549,0.7647058823529411,0.8
21,ID14_Aud_Cortex_Tursiops_14,Auditory Cortex,20,0.6511627604110344,0.746365104197448,0.4860051615236795,0.9333332711111153,0.49999998214285774,0.8195204037842322,0.6583305169553344,0.6712954823921083,0.9333333333333333,0.5,0.6511627906976745
22,ID14_Aud_Cortex_Tursiops_15,Auditory Cortex,20,0.7142856938775517,0.8002234546142022,0.571588165536197,0.8928571109693889,0.59523808106576,0.862970711240653,0.6168837252303117,0.6907262075062754,0.9642857142857143,0.6428571428571429,0.7714285714285715
23,ID14_Aud_Cortex_Tursiops_16,Auditory Cortex,20,0.6410256245890866,0.7443659573326771,0.47715765272203275,0.8064515868886585,0.5319148822996834,0.8455679579221558,0.5314592806505615,0.6060318463981829,0.8709677419354839,0.574468085106383,0.6923076923076923
24,ID14_Aud_Cortex_Tursiops_2,Auditory Cortex,20,0.8235293875432533,0.7921021963010939,0.6523194365915057,0.8235293875432533,0.8235293875432533,0.8949628054879931,0.6909210960256902,0.7395001478305605,0.7941176470588235,0.7941176470588235,0.7941176470588235
25,ID14_Aud_Cortex_Tursiops_3,Auditory Cortex,20,0.7999999800000005,0.7950543499962661,0.6360434640959263,0.9142856881632662,0.7111110953086424,0.8890615892407592,0.6505767012312239,0.7271812080048872,0.9142857142857143,0.7111111111111111,0.8
26,ID14_Aud_Cortex_Tursiops_4,Auditory Cortex,20,0.7222222021604945,0.8390412500976437,0.6059742193490145,0.7878787640036738,0.6666666495726501,0.8523115277842767,0.7145220587578565,0.7179702047748631,0.8484848484848485,0.717948717948718,0.7777777777777778
27,ID14_Aud_Cortex_Tursiops_5,Auditory Cortex,20,0.7073170559190962,0.8206688168610796,0.5804730514267867,0.8285714048979599,0.6170212634676328,0.883559510527984,0.6365684128821876,0.7064004251228911,0.9428571428571428,0.7021276595744681,0.8048780487804879
28,ID14_Aud_Cortex_Tursiops_6,Auditory Cortex,20,0.8571428367346944,0.7943977218371778,0.6809123167910973,0.9230768994082847,0.7999999822222227,0.8794422185920473,0.7266399860164746,0.7438526448830548,0.9743589743589743,0.8444444444444444,0.9047619047619048
29,ID14_Aud_Cortex_Tursiops_7,Auditory Cortex,20,0.833333313492064,0.8032226772153581,0.669352215075841,0.8974358744247213,0.7777777604938276,0.8767707539539593,0.7164935603891571,0.7684295590582356,0.9230769230769231,0.8,0.8571428571428571
30,ID14_Aud_Cortex_Tursiops_8,Auditory Cortex,20,0.64285711989796,0.8350223190515154,0.5368000430759726,0.7499999687500013,0.5624999824218756,0.885283715140298,0.6039022342805096,0.6961398016828195,0.8333333333333334,0.625,0.7142857142857143
31,ID14_Aud_Cortex_Tursiops_9,Auditory Cortex,20,0.7222222021604945,0.7890145671655635,0.5698438382350227,0.8387096503642048,0.6341463259964311,0.8594718404163654,0.6137372177683063,0.6718098884252945,0.8709677419354839,0.6585365853658537,0.75
32,ID22_Aud_Cortex_Tursiops_1,Auditory Cortex,20,0.7428571216326537,0.8135848592373478,0.6043773067369639,0.6666666495726501,0.8387096503642048,0.7671646294300339,0.5880853035261739,0.5869252872157745,0.6923076923076923,0.8709677419354839,0.7714285714285715
33,ID22_Aud_Cortex_Tursiops_10,Auditory Cortex,20,0.8783783665084005,0.8376727215895236,0.7357935968584518,0.8783783665084005,0.8783783665084005,0.9166154361784884,0.8013125030216312,0.8012785019982243,0.7972972972972973,0.7972972972972973,0.7972972972972973
34,ID22_Aud_Cortex_Tursiops_11,Auditory Cortex,20,0.8037383027338635,0.8495298988309148,0.6827997190080302,0.7543859516774395,0.8599999828000003,0.8587534075285888,0.7390923566290531,0.7404905508049464,0.7368421052631579,0.84,0.7850467289719626
35,ID22_Aud_Cortex_Tursiops_12,Auditory Cortex,20,0.8671328550051349,0.8451370521759647,0.732846104923968,0.8266666556444446,0.9117646924740487,0.9025411159519283,0.7850834150675354,0.8021501543833363,0.84,0.9264705882352942,0.8811188811188811
36,ID22_Aud_Cortex_Tursiops_13,Auditory Cortex,20,0.8382352817906576,0.84534701039829,0.7085996894721006,0.8028168901011706,0.8769230634319529,0.893310972041111,0.7630852473076918,0.783696715136415,0.6619718309859155,0.7230769230769231,0.6911764705882353
37,ID22_Aud_Cortex_Tursiops_14,Auditory Cortex,20,0.8499999858333336,0.8232514207793705,0.6997636959997366,0.8499999858333336,0.8499999858333336,0.9244463742609478,0.7329069767015751,0.7628372774916861,0.8333333333333334,0.8333333333333334,0.8333333333333334
38,ID22_Aud_Cortex_Tursiops_15,Auditory Cortex,20,0.8888888736942073,0.8728253824402689,0.7758447711290464,0.9454545282644632,0.8387096638917797,0.9485001410228349,0.8512858109152218,0.8733411626028572,1.0,0.8870967741935484,0.9401709401709402
39,ID22_Aud_Cortex_Tursiops_16,Auditory Cortex,20,0.9038461364644974,0.8376612791442405,0.7571169108204306,0.886792436098256,0.9215686093810077,0.9278826154018878,0.8140220895373518,0.8140220895373518,0.8867924528301887,0.9215686274509803,0.9038461538461539
40,ID22_Aud_Cortex_Tursiops_2,Auditory Cortex,20,0.8842105077008314,0.8129848351667439,0.7188497338558634,0.8749999817708337,0.8936170022634681,0.8709191360250207,0.7019620559912498,0.7063764140030208,0.875,0.8936170212765957,0.8842105263157894
41,ID22_Aud_Cortex_Tursiops_3,Auditory Cortex,20,0.8292682791988898,0.8345123493740837,0.6920346199356691,0.8360655600644991,0.8225806318938608,0.8970761381035579,0.7245280012168782,0.7422222221587844,0.8524590163934426,0.8387096774193549,0.8455284552845529
42,ID22_Aud_Cortex_Tursiops_4,Auditory Cortex,20,0.8756218818346082,0.8214800536634111,0.719305910478351,0.8799999912000002,0.8712871200862662,0.8953603702640688,0.7134637514068574,0.7415671032704012,0.84,0.8316831683168316,0.835820895522388
43,ID22_Aud_Cortex_Tursiops_5,Auditory Cortex,20,0.8979591653477722,0.8303212317008198,0.7455945601886024,0.9361701928474427,0.8627450811226455,0.9042375708539518,0.728259894038566,0.7643249606785395,0.8936170212765957,0.8235294117647058,0.8571428571428571
44,ID22_Aud_Cortex_Tursiops_6,Auditory Cortex,20,0.8765431990550223,0.8342798635663242,0.7312823405176134,0.9102563985864565,0.8452380851757371,0.9219479319840763,0.7666624931861499,0.7939727744584465,0.9102564102564102,0.8452380952380952,0.8765432098765432
45,ID22_Aud_Cortex_Tursiops_7,Auditory Cortex,20,0.8461538368554523,0.8329929621987601,0.7048401910380696,0.8279569803445487,0.865168529604848,0.9083151606804994,0.7880702921011103,0.8058900747214263,0.8387096774193549,0.8764044943820225,0.8571428571428571
46,ID22_Aud_Cortex_Tursiops_8,Auditory Cortex,20,0.8249999896875001,0.8621147630540482,0.7112446706290314,0.8354430273994554,0.8148148047553728,0.9132574006873826,0.7752034775816129,0.8024007838901323,0.8354430379746836,0.8148148148148148,0.825
47,ID22_Aud_Cortex_Tursiops_9,Auditory Cortex,20,0.8481012550873259,0.8369598827085373,0.7098267269828515,0.8589743479618673,0.8374999895312502,0.8927139825278966,0.7179705094667925,0.773240418082544,0.8461538461538461,0.825,0.8354430379746836
48,ID28_Aud_Cortex_Tursiops_1,Auditory Cortex,20,0.8135592944556171,0.8994011382298103,0.7317161554508235,0.8275861783590973,0.7999999733333342,0.9270485661108202,0.7317335628180637,0.8365023766779456,0.7931034482758621,0.7666666666666667,0.7796610169491526
49,ID28_Aud_Cortex_Tursiops_10,Auditory Cortex,20,0.7666666411111119,0.8748945236796359,0.6707524457959727,0.7931034209274682,0.7419354599375658,0.8980996067416367,0.6607945570816675,0.7432528915117446,0.7586206896551724,0.7096774193548387,0.7333333333333333
50,ID28_Aud_Cortex_Tursiops_11,Auditory Cortex,20,0.7450980099961565,0.897823577111543,0.6689665606334415,0.7307692026627229,0.7599999696000012,0.9161590429819294,0.6799999998880658,0.7840347755811036,0.7692307692307693,0.8,0.7843137254901961
51,ID28_Aud_Cortex_Tursiops_12,Auditory Cortex,20,0.8285714048979599,0.8582617861688377,0.7111311739361463,0.7837837626004389,0.878787852157944,0.9342008604819918,0.6736745184781957,0.8309155537678052,0.7837837837837838,0.8787878787878788,0.8285714285714286
52,ID28_Aud_Cortex_Tursiops_13,Auditory Cortex,20,0.7234042245359904,0.867513359266505,0.6275628289347981,0.6538461286982258,0.8095237709750585,0.9058542660937381,0.5512463621060834,0.5749550432748933,0.6153846153846154,0.7619047619047619,0.6808510638297872
53,ID28_Aud_Cortex_Tursiops_14,Auditory Cortex,20,0.857142832653062,0.8295116938375002,0.7110100029747145,0.769230749506904,0.9677419042663902,0.8650117095208419,0.7414239481000932,0.74285714273586,0.7435897435897436,0.9354838709677419,0.8285714285714286
54,ID28_Aud_Cortex_Tursiops_15,Auditory Cortex,20,0.8510637935717534,0.9036806557742243,0.7690898870806212,0.7692307396449716,0.9523809070294805,0.9436738446667428,0.8628122768218683,0.8628122768218683,0.8076923076923077,1.0,0.8936170212765957
55,ID28_Aud_Cortex_Tursiops_16,Auditory Cortex,20,0.8235293633218022,0.8915501628573156,0.7342177379873341,0.7368420664819965,0.9333332711111153,0.9208211141894778,0.8235294114711126,0.8235294114711126,0.7368421052631579,0.9333333333333333,0.8235294117647058
56,ID28_Aud_Cortex_Tursiops_2,Auditory Cortex,20,0.8214285420918378,0.8766654725755441,0.7201180410399811,0.8214285420918378,0.8214285420918378,0.9094089351425254,0.6985994396976359,0.7987676978501878,0.7142857142857143,0.7142857142857143,0.7142857142857143
57,ID28_Aud_Cortex_Tursiops_3,Auditory Cortex,20,0.7796609905199664,0.8817914543245897,0.6874983987107514,0.7666666411111119,0.7931034209274682,0.9322686706498573,0.6675469074819254,0.8039315368913859,0.7333333333333333,0.7586206896551724,0.7457627118644068
58,ID28_Aud_Cortex_Tursiops_4,Auditory Cortex,20,0.8611110871913588,0.9112210058874326,0.7846625110513306,0.8157894522160671,0.9117646790657448,0.94306903692098,0.8513326751380718,0.8657035302812388,0.868421052631579,0.9705882352941176,0.9166666666666666
59,ID28_Aud_Cortex_Tursiops_5,Auditory Cortex,20,0.9454545110743814,0.8567366114732159,0.8100054941199316,0.9629629272976693,0.9285713954081645,0.9266683582259154,0.7578969242770265,0.8506691710670733,0.9259259259259259,0.8928571428571429,0.9090909090909091
60,ID28_Aud_Cortex_Tursiops_6,Auditory Cortex,20,0.8301886479174094,0.8725966962813584,0.7244198714630193,0.7857142576530622,0.8799999648000014,0.8777842906742538,0.7805609914180611,0.7805609914180611,0.7857142857142857,0.88,0.8301886792452831
61,ID28_Aud_Cortex_Tursiops_7,Auditory Cortex,20,0.909090876033059,0.8894769549905651,0.8086153842235907,0.8620689357907263,0.9615384245562144,0.922326100962996,0.8489889105404448,0.8489889105404448,0.896551724137931,1.0,0.9454545454545454
62,ID28_Aud_Cortex_Tursiops_8,Auditory Cortex,20,0.8571428221574358,0.881411705105565,0.7554957163967815,0.8076922766272201,0.9130434385633287,0.9275205537724447,0.6940395204577195,0.8218368149740172,0.8076923076923077,0.9130434782608695,0.8571428571428571
63,ID28_Aud_Cortex_Tursiops_9,Auditory Cortex,20,0.8727272409917367,0.8978351644838855,0.7835652059653835,0.8275861783590973,0.9230768875739658,0.9176046824927866,0.6779051171804498,0.833113238555115,0.8275862068965517,0.9230769230769231,0.8727272727272727
64,ID43_Aud_Cortex_Tursiops_1,Auditory Cortex,20,0.7499999687500013,0.8750408270630049,0.656280592952229,0.620689633769323,0.9473683711911383,0.9137722320088568,0.7137847906557246,0.7161805832428142,0.5862068965517241,0.8947368421052632,0.7083333333333334
65,ID43_Aud_Cortex_Tursiops_10,Auditory Cortex,20,0.7333333088888897,0.8568665707130357,0.6283687975772663,0.6874999785156257,0.7857142576530622,0.8609413338897639,0.7258163421182112,0.730754381844587,0.71875,0.8214285714285714,0.7666666666666667
66,ID43_Aud_Cortex_Tursiops_11,Auditory Cortex,20,0.7599999696000012,0.8926418984444201,0.6784078156814466,0.6333333122222229,0.9499999525000024,0.9061468898383144,0.8281948167081998,0.8281948167081998,0.6666666666666666,1.0,0.8
67,ID43_Aud_Cortex_Tursiops_12,Auditory Cortex,20,0.7428571004081657,0.8590394004045973,0.6381435181209283,0.7647058373702448,0.7222221820987677,0.9447901495677307,0.6825751291595371,0.7380532330491637,0.6470588235294118,0.6111111111111112,0.6285714285714286
68,ID43_Aud_Cortex_Tursiops_13,Auditory Cortex,20,0.6896551248513707,0.8600740051589382,0.593154445409306,0.588235259515573,0.8333332638888947,0.8196908261011346,0.5872367464971644,0.6791489360979629,0.5882352941176471,0.8333333333333334,0.6896551724137931
69,ID43_Aud_Cortex_Tursiops_14,Auditory Cortex,20,0.6666666349206364,0.8259271865717825,0.5506180981612789,0.5599999776000009,0.8235293633218022,0.799893323815455,0.5666666666309599,0.5963953735474068,0.48,0.7058823529411765,0.5714285714285714
70,ID43_Aud_Cortex_Tursiops_15,Auditory Cortex,20,0.7777777489711944,0.8311106848451311,0.6464193976047539,0.6562499794921882,0.9545454111570267,0.885457935161649,0.7758923951602801,0.7758923951602801,0.65625,0.9545454545454546,0.7777777777777778
71,ID43_Aud_Cortex_Tursiops_16,Auditory Cortex,20,0.6521738846880919,0.8981900919402586,0.5857761214490328,0.5769230547337286,0.7499999625000018,0.9387706762094362,0.8178433438132882,0.8219808673795598,0.5769230769230769,0.75,0.6521739130434783
72,ID43_Aud_Cortex_Tursiops_2,Auditory Cortex,20,0.8510637935717534,0.8793325846505157,0.7483681253039228,0.8695651795841226,0.8333332986111125,0.8899553678125471,0.6577490774440995,0.7580998986873017,0.8695652173913043,0.8333333333333334,0.851063829787234
73,ID43_Aud_Cortex_Tursiops_3,Auditory Cortex,20,0.7499999687500013,0.8550880900297559,0.6413160408008153,0.6666666419753096,0.8571428163265326,0.8144199592892004,0.6025859965355301,0.5903688165888508,0.6296296296296297,0.8095238095238095,0.7083333333333334
74,ID43_Aud_Cortex_Tursiops_4,Auditory Cortex,20,0.744186011898325,0.8676947329205643,0.645726282837337,0.639999974400001,0.8888888395061756,0.7938256493408251,0.6575743912694347,0.6575743912694347,0.68,0.9444444444444444,0.7906976744186046
75,ID43_Aud_Cortex_Tursiops_5,Auditory Cortex,20,0.823529379469436,0.8720897039361405,0.718191492724214,0.7499999732142867,0.9130434385633287,0.8992895492760297,0.7459739786419821,0.7855137018702901,0.7142857142857143,0.8695652173913043,0.7843137254901961
76,ID43_Aud_Cortex_Tursiops_6,Auditory Cortex,20,0.8846153505917173,0.8748249032162532,0.7738835384650109,0.8214285420918378,0.9583332934027794,0.9403197546572317,0.878625797070703,0.878625797070703,0.7857142857142857,0.9166666666666666,0.8461538461538461
77,ID43_Aud_Cortex_Tursiops_7,Auditory Cortex,20,0.8709677138397511,0.8446410956955547,0.7356551241330597,0.8709677138397511,0.8709677138397511,0.9182481751405909,0.781913208680558,0.8141190101122139,0.7741935483870968,0.7741935483870968,0.7741935483870968
78,ID43_Aud_Cortex_Tursiops_8,Auditory Cortex,20,0.7017543613419522,0.8564588172107861,0.6010237102874391,0.6060605876951337,0.8333332986111125,0.6612576064429688,0.4911958517347741,0.4911958517347741,0.6363636363636364,0.875,0.7368421052631579
79,ID43_Aud_Cortex_Tursiops_9,Auditory Cortex,20,0.7499999687500013,0.8703757178017555,0.6527817611520765,0.6923076656804744,0.8181817809917372,0.8597499998925312,0.6730806988664675,0.7452006979177136,0.6923076923076923,0.8181818181818182,0.75
80,ID5_Aud_Cortex_Tursiops_1,Auditory Cortex,20,0.8727272409917367,0.796935183459163,0.6955070439095589,0.8888888559670793,0.8571428265306134,0.8439017212855744,0.7155477030899107,0.7155477030899107,0.7777777777777778,0.75,0.7636363636363637
81,ID5_Aud_Cortex_Tursiops_10,Auditory Cortex,20,0.9387754718867154,0.8435208658019465,0.7918766988395131,0.9583332934027794,0.9199999632000014,0.9166506624815968,0.837372672842049,0.8438385267627764,1.0,0.96,0.9795918367346939
82,ID5_Aud_Cortex_Tursiops_11,Auditory Cortex,20,0.7547169526521904,0.8098377905324077,0.6111983094132016,0.7692307396449716,0.7407407133058995,0.9010095140604976,0.6295193533996682,0.7267368948173142,0.8461538461538461,0.8148148148148148,0.8301886792452831
83,ID5_Aud_Cortex_Tursiops_12,Auditory Cortex,20,0.8767123047476082,0.8329594149827437,0.7302657684707407,0.8888888641975317,0.8648648414901394,0.9206552044074898,0.7603815395741033,0.8177594762097181,0.8611111111111112,0.8378378378378378,0.8493150684931506
84,ID5_Aud_Cortex_Tursiops_13,Auditory Cortex,20,0.9444444182098773,0.814369156977001,0.769126404669212,0.9714285436734702,0.9189188940832732,0.8964650199011637,0.7912678640630303,0.7957503318996347,0.9428571428571428,0.8918918918918919,0.9166666666666666
85,ID5_Aud_Cortex_Tursiops_14,Auditory Cortex,20,0.9285713954081645,0.826312737931601,0.7672903721046876,0.9285713954081645,0.9285713954081645,0.8703318061314499,0.770431362815481,0.770431362815481,0.8928571428571429,0.8928571428571429,0.8928571428571429
86,ID5_Aud_Cortex_Tursiops_15,Auditory Cortex,20,0.8253967991937524,0.8332860633075942,0.6877916494668508,0.8666666377777787,0.7878787640036738,0.8778445293211501,0.6286169364708498,0.7352708891588579,0.8,0.7272727272727273,0.7619047619047619
87,ID5_Aud_Cortex_Tursiops_16,Auditory Cortex,20,0.9019607489427157,0.8418634357021477,0.759327774973397,0.9583332934027794,0.8518518203017844,0.9247432044633678,0.7585452870573661,0.8328637294015286,0.9583333333333334,0.8518518518518519,0.9019607843137255
88,ID5_Aud_Cortex_Tursiops_2,Auditory Cortex,20,0.8627450642060759,0.8373302080401008,0.7224025040972437,0.9565216975425348,0.7857142576530622,0.9110707803241156,0.6754042135380446,0.7881693463950185,1.0,0.8214285714285714,0.9019607843137255
89,ID5_Aud_Cortex_Tursiops_3,Auditory Cortex,20,0.8852458726148894,0.8133145791404428,0.7199833743215929,0.96428567984694,0.8181817933884306,0.8802898550299377,0.6004623513473935,0.7117340609681854,0.9285714285714286,0.7878787878787878,0.8524590163934426
90,ID5_Aud_Cortex_Tursiops_4,Auditory Cortex,20,0.7999999709090919,0.8264687904950409,0.6611750083533051,0.7586206634958391,0.8461538136094686,0.8352026048448623,0.636840651665722,0.65831708404705,0.7586206896551724,0.8461538461538461,0.8
91,ID5_Aud_Cortex_Tursiops_5,Auditory Cortex,20,0.686567143684563,0.7942046029759419,0.5452747857663247,0.7419354599375658,0.6388888711419759,0.813995773708094,0.4245137387864303,0.6182107355373192,0.7741935483870968,0.6666666666666666,0.7164179104477612
92,ID5_Aud_Cortex_Tursiops_6,Auditory Cortex,20,0.7567567363038721,0.8233816902048794,0.6230996406118104,0.717948699539777,0.7999999771428579,0.8064967795683844,0.5910069558967367,0.6415371885040418,0.717948717948718,0.8,0.7567567567567568
93,ID5_Aud_Cortex_Tursiops_7,Auditory Cortex,20,0.8399999664000013,0.8205155176270547,0.6892330072374055,0.8399999664000013,0.8399999664000013,0.9116034546818172,0.6888485122996992,0.7952002156134286,0.88,0.88,0.88
94,ID5_Aud_Cortex_Tursiops_8,Auditory Cortex,20,0.5714285442176883,0.8230487223611724,0.4703135332390731,0.5217391077504736,0.6315789141274255,0.8149942328933109,0.6265124554045352,0.6202578956045116,0.5217391304347826,0.631578947368421,0.5714285714285714
95,ID5_Aud_Cortex_Tursiops_9,Auditory Cortex,20,0.8354430168242275,0.8259714865686395,0.6900521105496961,0.8048780291493164,0.868421029778394,0.7420549212633404,0.5473393226736536,0.5617395493842019,0.7804878048780488,0.8421052631578947,0.810126582278481
96,ID52_Aud_Cortex_Tursiops_1,Auditory Cortex,20,0.7906976376419703,0.8206174577338444,0.6488602852379102,0.8499999575000021,0.7391304026465042,0.8900011505643769,0.7457397365660593,0.7776641439171953,0.85,0.7391304347826086,0.7906976744186046
97,ID52_Aud_Cortex_Tursiops_10,Auditory Cortex,20,0.8363636059504143,0.865549758697763,0.7239143173139719,0.8214285420918378,0.8518518203017844,0.9131951171368732,0.8256101873318694,0.8256101873318694,0.8928571428571429,0.9259259259259259,0.9090909090909091
98,ID52_Aud_Cortex_Tursiops_11,Auditory Cortex,20,0.94594592037984,0.8872818551977827,0.8393206511513985,0.9210526073407209,0.9722221952160502,0.9418384460887389,0.8896840812913113,0.8896840812913113,0.9473684210526315,1.0,0.972972972972973
99,ID52_Aud_Cortex_Tursiops_12,Auditory Cortex,20,0.7333333088888897,0.8452673611652688,0.6198627108591067,0.7096773964620194,0.7586206634958391,0.8791494900644283,0.7781334015134895,0.7788498648168211,0.6451612903225806,0.6896551724137931,0.6666666666666666
100,ID52_Aud_Cortex_Tursiops_13,Auditory Cortex,20,0.627450955786237,0.8603694083553343,0.5398396076017937,0.5333333155555561,0.7619047256235845,0.8524508168679183,0.6297226056696721,0.6955477030819014,0.5333333333333333,0.7619047619047619,0.6274509803921569
101,ID52_Aud_Cortex_Tursiops_14,Auditory Cortex,20,0.9545454111570267,0.8595792092359035,0.8205073897021173,0.9130434385633287,0.9999999523809546,0.8859600133043717,0.7941883765943509,0.7941883765943509,0.9130434782608695,1.0,0.9545454545454546
102,ID52_Aud_Cortex_Tursiops_15,Auditory Cortex,20,0.9275362049989506,0.8939166064192471,0.829140016703649,0.9411764429065753,0.9142856881632662,0.9413568416416662,0.8290925466303656,0.8745060470752597,0.9117647058823529,0.8857142857142857,0.8985507246376812
103,ID52_Aud_Cortex_Tursiops_16,Auditory Cortex,20,0.8888888559670793,0.8801389462815556,0.7823457010522827,0.8888888559670793,0.8888888559670793,0.8918218622759658,0.8031829462982649,0.8031829462982649,0.7777777777777778,0.7777777777777778,0.7777777777777778
104,ID52_Aud_Cortex_Tursiops_2,Auditory Cortex,20,0.6470587854671302,0.7993538956583541,0.5172289608831138,0.6470587854671302,0.6470587854671302,0.7975601713159314,0.638595564773338,0.6359223299255873,0.7647058823529411,0.7647058823529411,0.7647058823529411
105,ID52_Aud_Cortex_Tursiops_3,Auditory Cortex,20,0.7272726611570308,0.8347482612606968,0.6070895893632714,0.7999999200000081,0.6666666111111158,0.883414295321508,0.725356124942817,0.728854228716944,0.6,0.5,0.5454545454545454
106,ID52_Aud_Cortex_Tursiops_4,Auditory Cortex,20,0.9999998333333611,0.8502201203807859,0.850219978677456,0.9999998333333611,0.9999998333333611,0.9103908479931407,0.8355205591990196,0.8355205591990196,1.0,1.0,1.0
107,ID52_Aud_Cortex_Tursiops_5,Auditory Cortex,20,0.8085106038931658,0.820667304726691,0.6635182181399536,0.7599999696000012,0.863636324380167,0.9245118040713705,0.6987250896523425,0.6987250896523425,0.72,0.8181818181818182,0.7659574468085106
108,ID52_Aud_Cortex_Tursiops_6,Auditory Cortex,20,0.7906976376419703,0.8481190928932406,0.6706057631897361,0.8947367950138528,0.7083333038194456,0.8955868243607621,0.698054377563226,0.7233397629204547,0.8421052631578947,0.6666666666666666,0.7441860465116279
109,ID52_Aud_Cortex_Tursiops_7,Auditory Cortex,20,0.8727272409917367,0.8691437326614144,0.7585254118308558,0.9230768875739658,0.8275861783590973,0.9324521115194101,0.7892833348444577,0.7853999999214599,0.8846153846153846,0.7931034482758621,0.8363636363636363
110,ID52_Aud_Cortex_Tursiops_8,Auditory Cortex,20,0.9230768757396474,0.8393569353810072,0.7747909775419052,0.9473683711911383,0.8999999550000022,0.9348361185471128,0.8776453415525065,0.8776453415525065,0.9473684210526315,0.9,0.9230769230769231
111,ID52_Aud_Cortex_Tursiops_9,Auditory Cortex,20,0.8421051745152448,0.815313901207097,0.6865800550607075,0.7999999200000081,0.8888887901234679,0.6402231172481491,0.4708295348811169,0.4708295348811169,0.8,0.8888888888888888,0.8421052631578947
112,ID53_Aud_Cortex_Tursiops_1,Auditory Cortex,20,0.8076922766272201,0.9045268314322189,0.7305793357498946,0.7499999732142867,0.8749999635416682,0.9233761533868565,0.7767419431988474,0.7767419431988474,0.75,0.875,0.8076923076923077
113,ID53_Aud_Cortex_Tursiops_10,Auditory Cortex,20,0.7058823114186875,0.8067348784577693,0.5694598807078441,0.5999999700000015,0.8571427959183717,0.8057515642649777,0.4438573315068461,0.6173557276879078,0.55,0.7857142857142857,0.6470588235294118
114,ID53_Aud_Cortex_Tursiops_11,Auditory Cortex,20,0.8499999575000021,0.8965319702417208,0.7620521366028559,0.7727272376033073,0.9444443919753115,0.9431567907213866,0.878632646943293,0.878632646943293,0.7272727272727273,0.8888888888888888,0.8
115,ID53_Aud_Cortex_Tursiops_12,Auditory Cortex,20,0.8571428163265326,0.8997905108123656,0.7712489725416004,0.7826086616257103,0.9473683711911383,0.8926496589484308,0.8040555934376787,0.8040555934376787,0.782608695652174,0.9473684210526315,0.8571428571428571
116,ID53_Aud_Cortex_Tursiops_13,Auditory Cortex,20,0.7118643826486649,0.8618101821826243,0.6134919732997672,0.567567552227904,0.9545454111570267,0.8991211516202555,0.7712730397506186,0.7712730397506186,0.5675675675675675,0.9545454545454546,0.711864406779661
117,ID53_Aud_Cortex_Tursiops_14,Auditory Cortex,20,0.7777777345679036,0.8819884880412674,0.6859910081437075,0.6999999650000017,0.8749999453125034,0.9046188090256406,0.6404034036179636,0.7552256298583266,0.7,0.875,0.7777777777777778
118,ID53_Aud_Cortex_Tursiops_15,Auditory Cortex,20,0.7391304026465042,0.8543602307110798,0.6314836213306406,0.6538461286982258,0.8499999575000021,0.7755753874330131,0.566639186511866,0.6031626505115718,0.6153846153846154,0.8,0.6956521739130435
119,ID53_Aud_Cortex_Tursiops_16,Auditory Cortex,20,0.7692307297830394,0.8883881909429425,0.6833754964496739,0.7142856802721105,0.8333332870370396,0.8114401812290818,0.5673696863110731,0.6478238474571434,0.7619047619047619,0.8888888888888888,0.8205128205128205
120,ID53_Aud_Cortex_Tursiops_2,Auditory Cortex,20,0.7499999687500013,0.8630643107159823,0.6472982060662281,0.6666666419753096,0.8571428163265326,0.9303131245216314,0.6076280566964246,0.6223519238410774,0.5925925925925926,0.7619047619047619,0.6666666666666666
121,ID53_Aud_Cortex_Tursiops_3,Auditory Cortex,20,0.9473683878116355,0.8979658609150757,0.8507044699650025,0.899999970000001,0.9999999629629643,0.9491637907519801,0.9020449380330667,0.9020449380330667,0.9,1.0,0.9473684210526315
122,ID53_Aud_Cortex_Tursiops_4,Auditory Cortex,20,0.7499999625000018,0.870315699397751,0.6527367419114761,0.7499999625000018,0.7499999625000018,0.8889541714975797,0.6860319981066569,0.6776737308184236,0.7,0.7,0.7
123,ID53_Aud_Cortex_Tursiops_5,Auditory Cortex,20,0.7619047256235845,0.8948846690195983,0.6818168582141292,0.6956521436672981,0.8421052188365674,0.920268589857236,0.7931680341782761,0.7931680341782761,0.6956521739130435,0.8421052631578947,0.7619047619047619
124,ID53_Aud_Cortex_Tursiops_6,Auditory Cortex,20,0.8070175155432451,0.9033259817585223,0.7289998895244254,0.7666666411111119,0.8518518203017844,0.930011490602214,0.8635390304785342,0.8635390304785342,0.7666666666666667,0.8518518518518519,0.8070175438596491
125,ID53_Aud_Cortex_Tursiops_7,Auditory Cortex,20,0.6956521436672981,0.8603713402058656,0.5985191671641166,0.5925925706447196,0.8421052188365674,0.9482737734131875,0.8320017753182422,0.8320017753182422,0.5925925925925926,0.8421052631578947,0.6956521739130435
126,ID53_Aud_Cortex_Tursiops_8,Auditory Cortex,20,0.7755101724281562,0.9033513070715332,0.7005581279102451,0.6785714043367356,0.9047618616780065,0.8937783335589425,0.8020987392913516,0.8020987392913516,0.6071428571428571,0.8095238095238095,0.6938775510204082
127,ID53_Aud_Cortex_Tursiops_9,Auditory Cortex,20,0.7826086616257103,0.8555991174057909,0.6695992801610849,0.7199999712000011,0.8571428163265326,0.8759836178327742,0.5573363590839419,0.562482024693523,0.68,0.8095238095238095,0.7391304347826086
128,ID55_Cerebellum_Chimpanzee_1,Cerebellum,20,0.8571428435374152,0.8430379001852506,0.7226039029745973,0.8181818057851242,0.8999999850000003,0.8670024502540836,0.7572040961232193,0.7622646034829957,0.7878787878787878,0.8666666666666667,0.8253968253968254
129,ID55_Cerebellum_Chimpanzee_10,Cerebellum,20,0.8980213062465104,0.8517111745749056,0.7648547815365064,0.9305993661495289,0.8676470562716263,0.8821527844128689,0.7293089753483197,0.7541086965342311,0.9274447949526814,0.8647058823529412,0.8949771689497716
130,ID55_Cerebellum_Chimpanzee_11,Cerebellum,20,0.8847457597127263,0.8565773344003941,0.7578531644767786,0.8877550990212412,0.8817567537778488,0.8758843796618742,0.748906426121808,0.7593355235408201,0.8367346938775511,0.831081081081081,0.8338983050847457
131,ID55_Cerebellum_Chimpanzee_12,Cerebellum,20,0.9161073794761497,0.853406797338769,0.7818122647371533,0.922297294181428,0.9099999969666667,0.8810291046665198,0.7655891740877764,0.7709550766631229,0.8952702702702703,0.8833333333333333,0.889261744966443
132,ID55_Cerebellum_Chimpanzee_13,Cerebellum,20,0.8444444415574549,0.8385717044029046,0.708127214630394,0.8727915163505601,0.8178807919937722,0.8454595875347789,0.6623500436695658,0.685404716350737,0.8515901060070671,0.7980132450331126,0.8239316239316239
133,ID55_Cerebellum_Chimpanzee_14,Cerebellum,20,0.8812392396515001,0.8564146014214449,0.7547061521830766,0.88275861764566,0.8797250828875427,0.8705469808232461,0.7247681882701156,0.7357403052180689,0.8551724137931035,0.852233676975945,0.8537005163511188
134,ID55_Cerebellum_Chimpanzee_15,Cerebellum,20,0.8911704275516615,0.8519942581537268,0.7592720873104174,0.8857142820991254,0.896694211170685,0.881505882325286,0.742599469456626,0.7543618250451669,0.8326530612244898,0.8429752066115702,0.837782340862423
135,ID55_Cerebellum_Chimpanzee_16,Cerebellum,20,0.9116465826841503,0.8621007633119232,0.7859312148027123,0.9341563747565581,0.8901960749404075,0.8687308937658909,0.7274393036734647,0.7402686330924272,0.9218106995884774,0.8784313725490196,0.8995983935742972
136,ID55_Cerebellum_Chimpanzee_2,Cerebellum,20,0.8495575070874778,0.8709691728649072,0.7399383992491531,0.8571428418367351,0.8421052483841185,0.9121308093899881,0.8233648593548202,0.8251109018920404,0.8035714285714286,0.7894736842105263,0.7964601769911505
137,ID55_Cerebellum_Chimpanzee_3,Cerebellum,20,0.8333333055555564,0.8724184607800347,0.7270153597495168,0.8620689357907263,0.8064515868886585,0.8625123638254178,0.7273648646191335,0.7401032699689835,0.896551724137931,0.8387096774193549,0.8666666666666667
138,ID55_Cerebellum_Chimpanzee_4,Cerebellum,20,0.9166665902777842,0.852358017581573,0.7813281176724322,0.9166665902777842,0.9166665902777842,0.8937030615558339,0.8078328977504788,0.8078328977504788,0.9166666666666666,0.9166666666666666,0.9166666666666666
139,ID55_Cerebellum_Chimpanzee_5,Cerebellum,20,0.8726708047432584,0.8432732272755892,0.735899925865033,0.8808777401853363,0.8646153819550296,0.8528160200036842,0.7106562865933929,0.7274181692079639,0.8401253918495298,0.8246153846153846,0.8322981366459627
140,ID55_Cerebellum_Chimpanzee_6,Cerebellum,20,0.8757575731037649,0.8535426249588101,0.7474964177745445,0.9031249971777344,0.8499999975,0.8747650035942452,0.7258848579516337,0.7404253533814159,0.91875,0.8647058823529412,0.8909090909090909
141,ID55_Cerebellum_Chimpanzee_7,Cerebellum,20,0.9042386156852791,0.8499736968756977,0.7685790390317799,0.9201277925874511,0.8888888861454047,0.8877865665440455,0.7565250816545637,0.7662101897957216,0.9073482428115016,0.8765432098765432,0.8916797488226059
142,ID55_Cerebellum_Chimpanzee_8,Cerebellum,20,0.8803418765797356,0.8656026544672913,0.7620262652061357,0.8583333297569444,0.9035087679670668,0.8740288238872538,0.7435779816134771,0.7510644926393673,0.8625,0.9078947368421053,0.8846153846153846
143,ID55_Cerebellum_Chimpanzee_9,Cerebellum,20,0.8380281660632811,0.8440213269279306,0.7073136447237107,0.8206896523424495,0.8561151048341183,0.8336193043866977,0.6786413817361716,0.684575151372519,0.7551724137931034,0.7877697841726619,0.7711267605633803
144,ID60_Hippocampus_Mouse_1,Hippocampus,20,0.99999990000001,0.8915050348450625,0.891504945694568,0.99999990000001,0.99999990000001,0.9622528454390336,0.9272517310308871,0.9272517310308871,1.0,1.0,1.0
145,ID60_Hippocampus_Mouse_10,Hippocampus,20,0.8674698586151842,0.9131673127316654,0.7921451196673455,0.8571428367346944,0.8780487590719815,0.8792160906777498,0.7409082998536787,0.7808596618697906,0.8333333333333334,0.8536585365853658,0.8433734939759037
146,ID60_Hippocampus_Mouse_11,Hippocampus,20,0.9607842948865825,0.9290703115517789,0.8926361641843333,0.9607842948865825,0.9607842948865825,0.943136604696358,0.8920953574510515,0.8920953574510515,0.9411764705882353,0.9411764705882353,0.9411764705882353
147,ID60_Hippocampus_Mouse_12,Hippocampus,20,0.958333313368056,0.9131488820742414,0.875100993756544,0.9387754910453981,0.9787233834314174,0.9427699510495895,0.8909881422220562,0.8909881422220562,0.9183673469387755,0.9574468085106383,0.9375
148,ID60_Hippocampus_Mouse_13,Hippocampus,20,0.9291338436356875,0.896163864529015,0.8326561759772553,0.8805970017821343,0.9833333169444448,0.929526234399396,0.8410225464457171,0.8475107800387797,0.8656716417910447,0.9666666666666667,0.9133858267716536
149,ID60_Hippocampus_Mouse_14,Hippocampus,20,0.8474576127549558,0.8846738788211069,0.7497236134124023,0.8474576127549558,0.8474576127549558,0.9268479961924678,0.761568281036284,0.8006381281148292,0.7627118644067796,0.7627118644067796,0.7627118644067796
150,ID60_Hippocampus_Mouse_15,Hippocampus,20,0.8235293923875437,0.8812925916160095,0.725770352489176,0.8139534694429427,0.833333313492064,0.9203676037430228,0.770046897765046,0.7925018257897831,0.813953488372093,0.8333333333333334,0.8235294117647058
151,ID60_Hippocampus_Mouse_16,Hippocampus,20,0.886792436098256,0.8777165391368027,0.7783523879448555,0.8545454390082647,0.9215686093810077,0.9439589729429482,0.8451488022716459,0.8725676016633455,0.8545454545454545,0.9215686274509803,0.8867924528301887
152,ID60_Hippocampus_Mouse_2,Hippocampus,20,0.7499999531250029,0.8933200686274033,0.6699900095961768,0.8571427959183717,0.6666666296296316,0.9385742040145607,0.5246575341567367,0.6169647171056151,0.7857142857142857,0.6111111111111112,0.6875
153,ID60_Hippocampus_Mouse_3,Hippocampus,20,0.5846153666272196,0.8228283746100813,0.48103811189395185,0.7916666336805569,0.4634146228435458,0.8835647111226548,0.240838251400487,0.3473257768242328,0.7916666666666666,0.4634146341463415,0.5846153846153846
154,ID60_Hippocampus_Mouse_4,Hippocampus,20,0.8135593082447575,0.8963603865004798,0.7292423359793339,0.8275861926278243,0.7999999866666669,0.9429491157124001,0.6156532988197762,0.6610726364741158,0.7586206896551724,0.7333333333333333,0.7457627118644068
155,ID60_Hippocampus_Mouse_5,Hippocampus,20,0.793103434601665,0.889585463797003,0.7055332867091182,0.8214285567602044,0.7666666538888891,0.9188913642540707,0.6560530319317526,0.6932323135228019,0.6964285714285714,0.65,0.6724137931034483
156,ID60_Hippocampus_Mouse_6,Hippocampus,20,0.8461538331360949,0.8696849705267556,0.735887271432066,0.9482758457193821,0.7638888782793212,0.9473586596867584,0.5847105849683928,0.6874967398495776,0.8793103448275862,0.7083333333333334,0.7846153846153846
157,ID60_Hippocampus_Mouse_7,Hippocampus,20,0.8076922921597637,0.8996283626406713,0.7266228943131788,0.8571428396501461,0.7636363497520664,0.9472377732928267,0.6682324870197878,0.7442653154885184,0.7551020408163265,0.6727272727272727,0.7115384615384616
158,ID60_Hippocampus_Mouse_8,Hippocampus,20,0.9014084253124388,0.8759328781812565,0.7895732764007587,0.9411764429065753,0.8648648414901394,0.926098891272108,0.7203846794863313,0.7608913998266861,0.8529411764705882,0.7837837837837838,0.8169014084507042
159,ID60_Hippocampus_Mouse_9,Hippocampus,20,0.7999999800000005,0.9196214880167674,0.7356971720209846,0.8205127994740309,0.7804877858417614,0.8798516358617231,0.7499432203611303,0.7506957326644954,0.8461538461538461,0.8048780487804879,0.825
160,ID62_Visual_Cortex_Chimpanzee_1,Visual Cortex,20,0.6206896123662337,0.9355737082707305,0.5807008823265994,0.47368418559556913,0.8999999100000091,0.7989126740877395,0.6636517805920122,0.6636517805920122,0.47368421052631576,0.9,0.6206896551724138
161,ID62_Visual_Cortex_Chimpanzee_10,Visual Cortex,20,0.7999999200000081,0.8834165091886664,0.7067331366776195,0.6666666111111158,0.9999998750000157,0.7704564314073931,0.6266198702411934,0.6266198702411934,0.6666666666666666,1.0,0.8
162,ID62_Visual_Cortex_Chimpanzee_11,Visual Cortex,20,0.8695651417769442,0.9476487634144327,0.824042331313217,0.8333332638888947,0.9090908264462886,0.9100297071077925,0.8334846322353151,0.8334846322353151,0.8333333333333334,0.9090909090909091,0.8695652173913043
163,ID62_Visual_Cortex_Chimpanzee_12,Visual Cortex,20,0.8749998906250137,0.9344442006874337,0.8176385733966829,0.7777776913580343,0.9999998571428775,0.9151297534751811,0.8435384382663549,0.8435384382663549,0.7777777777777778,1.0,0.875
164,ID62_Visual_Cortex_Chimpanzee_13,Visual Cortex,20,0.8421052188365674,0.9069219493757311,0.7637237066467364,0.7619047256235845,0.9411764152249167,0.8773910926805845,0.7815643426308043,0.7815643426308043,0.7619047619047619,0.9411764705882353,0.8421052631578947
165,ID62_Visual_Cortex_Chimpanzee_14,Visual Cortex,20,0.7317072813801325,0.9082061796235027,0.6645410746249495,0.6249999739583344,0.8823528892733594,0.8683535837215275,0.6949152541752974,0.7034083356400448,0.625,0.8823529411764706,0.7317073170731707
166,ID62_Visual_Cortex_Chimpanzee_15,Visual Cortex,20,0.8749999453125034,0.9017101422583981,0.7889963251638279,0.8235293633218022,0.9333332711111153,0.9272384711588355,0.7266718233087215,0.7931145430507469,0.7647058823529411,0.8666666666666667,0.8125
167,ID62_Visual_Cortex_Chimpanzee_16,Visual Cortex,20,0.6666665925926009,0.7953231577510298,0.5302153795878666,0.4999999583333368,0.9999998333333611,0.7906009055451473,0.5937195239723582,0.5937195239723582,0.4166666666666667,0.8333333333333334,0.5555555555555556
168,ID62_Visual_Cortex_Chimpanzee_2,Visual Cortex,20,0.9387754718867154,0.884936322271589,0.8307565135302054,0.8846153505917173,0.999999956521741,0.9094307217806016,0.8278090664917542,0.8278090664917542,0.8461538461538461,0.9565217391304348,0.8979591836734694
169,ID62_Visual_Cortex_Chimpanzee_3,Visual Cortex,20,0.9444443919753115,0.9451368103921929,0.8926291602243399,0.8947367950138528,0.999999941176474,0.9521241469870061,0.9086230437024868,0.9086230437024868,0.8947368421052632,1.0,0.9444444444444444
170,ID62_Visual_Cortex_Chimpanzee_4,Visual Cortex,20,0.8627450642060759,0.9098813430168271,0.784995637700963,0.7586206634958391,0.9999999545454565,0.918775422782326,0.8443496801038972,0.8443496801038972,0.7586206896551724,1.0,0.8627450980392157
171,ID62_Visual_Cortex_Chimpanzee_5,Visual Cortex,20,0.6666666031746092,0.8993872477720211,0.599591441410734,0.49999996428571686,0.9999998571428775,0.739983109623723,0.5816265953425903,0.5816265953425903,0.5,1.0,0.6666666666666666
172,ID62_Visual_Cortex_Chimpanzee_6,Visual Cortex,20,0.8148147544581664,0.8853191572571155,0.7213711117375674,0.6874999570312527,0.9999999090909174,0.881320815740931,0.7878226645690678,0.7878226645690678,0.6875,1.0,0.8148148148148148
173,ID62_Visual_Cortex_Chimpanzee_7,Visual Cortex,20,0.7027026647187748,0.9285007151005252,0.6524599266944271,0.7222221820987677,0.684210490304711,0.9519770636153401,0.7181359292664381,0.7951962255205666,0.6111111111111112,0.5789473684210527,0.5945945945945946
174,ID62_Visual_Cortex_Chimpanzee_8,Visual Cortex,20,0.6363636074380178,0.9402943760503636,0.5983691211970894,0.5833333090277788,0.6999999650000017,0.8842770607909256,0.6841883225882393,0.7240283326621841,0.5833333333333334,0.7,0.6363636363636364
175,ID62_Visual_Cortex_Chimpanzee_9,Visual Cortex,20,0.7407406858710603,0.8355484921086661,0.6189247631231036,0.7142856632653098,0.7692307100591762,0.9024412543748339,0.7617356391658839,0.7728967416480959,0.7857142857142857,0.8461538461538461,0.8148148148148148
176,ID63_Visual_Cortex_Chimpanzee_1,Visual Cortex,20,0.857142808163268,0.8900873483994799,0.7629319693177273,0.7499999625000018,0.9999999333333378,0.9136300860026755,0.8402737047076956,0.8402737047076956,0.75,1.0,0.8571428571428571
177,ID63_Visual_Cortex_Chimpanzee_10,Visual Cortex,20,0.8181817809917372,0.9034449657448688,0.7391822111011558,0.6923076656804744,0.9999999444444475,0.9358096107507073,0.8301448736227577,0.8301448736227577,0.6923076923076923,1.0,0.8181818181818182
178,ID63_Visual_Cortex_Chimpanzee_11,Visual Cortex,20,0.8421052188365674,0.9307488417689901,0.7837884570797571,0.7272726942148775,0.9999999375000038,0.9038316243440997,0.8245372192965206,0.8245372192965206,0.7272727272727273,1.0,0.8421052631578947
179,ID63_Visual_Cortex_Chimpanzee_12,Visual Cortex,20,0.9230768757396474,0.8916290313855411,0.8230421406101333,0.8571428163265326,0.9999999444444475,0.8659555461685694,0.7593602661773726,0.7593602661773726,0.8571428571428571,1.0,0.9230769230769231
180,ID63_Visual_Cortex_Chimpanzee_13,Visual Cortex,20,0.699999930000007,0.9064011757185402,0.6344807595549022,0.5384614970414233,0.9999998571428775,0.8422639991110622,0.7275095518014051,0.7275095518014051,0.5384615384615384,1.0,0.7
181,ID63_Visual_Cortex_Chimpanzee_14,Visual Cortex,20,0.8372092633856156,0.9092525426179301,0.7612346514366554,0.7499999687500013,0.9473683711911383,0.8640341329242007,0.7606162807940658,0.7606162807940658,0.75,0.9473684210526315,0.8372093023255814
182,ID63_Visual_Cortex_Chimpanzee_15,Visual Cortex,20,0.799999964444446,0.9210097191419482,0.7368077425665477,0.7826086616257103,0.8181817809917372,0.8851711763706153,0.7924380703352943,0.7924380703352943,0.7391304347826086,0.7727272727272727,0.7555555555555555
183,ID63_Visual_Cortex_Chimpanzee_16,Visual Cortex,20,0.9333332711111153,0.9194041222040098,0.8581104568497121,0.8749999453125034,0.9999999285714337,0.9241948395268061,0.8590726959520237,0.8590726959520237,0.8125,0.9285714285714286,0.8666666666666667
184,ID63_Visual_Cortex_Chimpanzee_2,Visual Cortex,20,0.7999999542857168,0.9075742074266036,0.7260593244521785,0.6999999650000017,0.9333332711111153,0.8576828359854715,0.7506516943301933,0.7506516943301933,0.7,0.9333333333333333,0.8
185,ID63_Visual_Cortex_Chimpanzee_3,Visual Cortex,20,0.8275861498216449,0.8877305876249558,0.7346735390914436,0.7999999466666703,0.8571427959183717,0.8894405424503851,0.7240762812153281,0.7442179743643238,0.7333333333333333,0.7857142857142857,0.7586206896551724
186,ID63_Visual_Cortex_Chimpanzee_4,Visual Cortex,20,0.7906976376419703,0.9215579148724365,0.7286736662398956,0.679999972800001,0.9444443919753115,0.8717102159762423,0.7712614869865279,0.7712614869865279,0.68,0.9444444444444444,0.7906976744186046
187,ID63_Visual_Cortex_Chimpanzee_5,Visual Cortex,20,0.9056603431826286,0.8816817478154414,0.7985041943043925,0.8888888559670793,0.9230768875739658,0.9215231657593617,0.8477345337752153,0.8477345337752153,0.8518518518518519,0.8846153846153846,0.8679245283018868
188,ID63_Visual_Cortex_Chimpanzee_6,Visual Cortex,20,0.9565216559546387,0.9529900219385739,0.9115555938929321,0.9166665902777842,0.9999999090909174,0.9506662885631793,0.9059713589697418,0.9059713589697418,0.9166666666666666,1.0,0.9565217391304348
189,ID63_Visual_Cortex_Chimpanzee_7,Visual Cortex,20,0.8108107669832018,0.8743147172864695,0.7089037865077435,0.7142856802721105,0.9374999414062536,0.8504276133113623,0.7397773495247508,0.7397773495247508,0.7619047619047619,1.0,0.8648648648648649
190,ID63_Visual_Cortex_Chimpanzee_8,Visual Cortex,20,0.8301886479174094,0.9009866561607707,0.7479888938697381,0.7586206634958391,0.9166666284722238,0.8902674830450262,0.800928612826398,0.800928612826398,0.7586206896551724,0.9166666666666666,0.8301886792452831
191,ID63_Visual_Cortex_Chimpanzee_9,Visual Cortex,20,0.7499999687500013,0.87420548247904,0.6556540845403598,0.64285711989796,0.8999999550000022,0.8037942625222732,0.6053711820353878,0.6122494431616741,0.6071428571428571,0.85,0.7083333333333334
192,ID64_Visual_Cortex_Chimpanzee_1,Visual Cortex,20,0.8205127784352421,0.8904552686560107,0.7306299265572432,0.6956521436672981,0.9999999375000038,0.9188796805444994,0.728460894946836,0.728460894946836,0.6521739130434783,0.9375,0.7692307692307693
193,ID64_Visual_Cortex_Chimpanzee_10,Visual Cortex,20,0.8235293875432533,0.9422440905365438,0.7759656987958097,0.7368420858725767,0.9333333022222232,0.8988326847957577,0.7758999492549208,0.7803948735261289,0.7368421052631579,0.9333333333333333,0.8235294117647058
194,ID64_Visual_Cortex_Chimpanzee_11,Visual Cortex,20,0.7499999687500013,0.9477189761450524,0.7107892024925725,0.64285711989796,0.8999999550000022,0.9117513816747417,0.7682662538105057,0.8166406056442563,0.6428571428571429,0.9,0.75
195,ID64_Visual_Cortex_Chimpanzee_12,Visual Cortex,20,0.8780487376561591,0.8977601737124897,0.7882771872462258,0.7826086616257103,0.9999999444444475,0.8999398435482284,0.8164268802753207,0.8164268802753207,0.782608695652174,1.0,0.8780487804878049
196,ID64_Visual_Cortex_Chimpanzee_13,Visual Cortex,20,0.7234042245359904,0.8757792822808291,0.6335424325630494,0.5666666477777784,0.999999941176474,0.7562993127541169,0.6071172920945784,0.6071172920945784,0.5666666666666667,1.0,0.723404255319149
197,ID64_Visual_Cortex_Chimpanzee_14,Visual Cortex,20,0.823529379469436,0.9224652155627642,0.7596772065545427,0.7241379060642101,0.9545454111570267,0.879309544759904,0.7835802366313349,0.7835802366313349,0.7241379310344828,0.9545454545454546,0.8235294117647058
198,ID64_Visual_Cortex_Chimpanzee_15,Visual Cortex,20,0.909090876033059,0.9115902998359794,0.8287184242611295,0.8620689357907263,0.9615384245562144,0.9558564332256106,0.8512414382954309,0.8846444208904843,0.8275862068965517,0.9230769230769231,0.8727272727272727
199,ID64_Visual_Cortex_Chimpanzee_16,Visual Cortex,20,0.8799999648000014,0.9569959864266288,0.842156434369176,0.8148147846364894,0.9565216975425348,0.937654665884184,0.8824855360370812,0.8824855360370812,0.8148148148148148,0.9565217391304348,0.88
200,ID64_Visual_Cortex_Chimpanzee_2,Visual Cortex,20,0.6249999739583344,0.8907442714675379,0.5567151464707467,0.5769230547337286,0.6818181508264477,0.8301275349764725,0.6382514543763533,0.6586042478839528,0.5769230769230769,0.6818181818181818,0.625
201,ID64_Visual_Cortex_Chimpanzee_3,Visual Cortex,20,0.6363636074380178,0.9348666167944393,0.5949150927366844,0.5185184993141296,0.8235293633218022,0.8050573103156419,0.6276530402902032,0.6412723486291899,0.5185185185185185,0.8235294117647058,0.6363636363636364
202,ID64_Visual_Cortex_Chimpanzee_4,Visual Cortex,20,0.9230768520710114,0.8770820719813704,0.8096141580124837,0.8571427959183717,0.9999999166666736,0.8965469324743592,0.8070307594718102,0.8070307594718102,0.7857142857142857,0.9166666666666666,0.8461538461538461
203,ID64_Visual_Cortex_Chimpanzee_5,Visual Cortex,20,0.867924495550019,0.8737018348713744,0.7583072242918637,0.7931034209274682,0.9583332934027794,0.9013094621254232,0.815580926741734,0.815580926741734,0.7931034482758621,0.9583333333333334,0.8679245283018868
204,ID64_Visual_Cortex_Chimpanzee_6,Visual Cortex,20,0.7179486811308369,0.9027270039017861,0.6481116618724792,0.6363636074380178,0.8235293633218022,0.7704584040311002,0.6156490275336365,0.6255749769433694,0.6818181818181818,0.8823529411764706,0.7692307692307693
205,ID64_Visual_Cortex_Chimpanzee_7,Visual Cortex,20,0.7272726831955949,0.8638846822638229,0.6282797308415844,0.5999999700000015,0.9230768520710114,0.7547514619193392,0.606105077692089,0.606105077692089,0.55,0.8461538461538461,0.6666666666666666
206,ID64_Visual_Cortex_Chimpanzee_8,Visual Cortex,20,0.7428571004081657,0.8684750785051438,0.6451528785950852,0.7647058373702448,0.7222221820987677,0.8999925533621272,0.7064531212641508,0.7013809703913111,0.8235294117647058,0.7777777777777778,0.8
207,ID64_Visual_Cortex_Chimpanzee_9,Visual Cortex,20,0.6666666370370383,0.9029288492393149,0.601952539406097,0.5357142665816333,0.8823528892733594,0.7798700943845931,0.593859211133811,0.5903645832820864,0.5,0.8235294117647058,0.6222222222222222
208,ID65_Visual_Cortex_Chimpanzee_1,Visual Cortex,20,0.7142856632653098,0.9119521593981623,0.6513943530419479,0.588235259515573,0.9090908264462886,0.8658163264753943,0.7005573905139805,0.7608085344457262,0.5882352941176471,0.9090909090909091,0.7142857142857143
209,ID65_Visual_Cortex_Chimpanzee_10,Visual Cortex,20,0.8695651417769442,0.8811745144556128,0.766238641592825,0.8333332638888947,0.9090908264462886,0.9024776629552957,0.8174594033378487,0.8174594033378487,0.8333333333333334,0.9090909090909091,0.8695652173913043
210,ID65_Visual_Cortex_Chimpanzee_11,Visual Cortex,20,0.8235293148789042,0.9041549851430388,0.7445981354591926,0.699999930000007,0.9999998571428775,0.9134805394867702,0.8407401548567547,0.8407401548567547,0.6,0.8571428571428571,0.7058823529411765
211,ID65_Visual_Cortex_Chimpanzee_12,Visual Cortex,20,0.699999930000007,0.945262821385508,0.6616839088014648,0.5384614970414233,0.9999998571428775,0.807119287990489,0.6766135790986397,0.6766135790986397,0.5384615384615384,1.0,0.7
212,ID65_Visual_Cortex_Chimpanzee_13,Visual Cortex,20,0.6666666262626286,0.8959496612870658,0.597299737991393,0.5238094988662143,0.9166665902777842,0.7605908583639499,0.6136721384513524,0.6136721384513524,0.5238095238095238,0.9166666666666666,0.6666666666666666
213,ID65_Visual_Cortex_Chimpanzee_14,Visual Cortex,20,0.8124999492187531,0.8836827719571929,0.7179922073407062,0.684210490304711,0.9999999230769291,0.8774236261762308,0.7802660379878543,0.7802660379878543,0.631578947368421,0.9230769230769231,0.75
214,ID65_Visual_Cortex_Chimpanzee_15,Visual Cortex,20,0.9473683213296504,0.9326924129996286,0.8836032456203592,0.8999999100000091,0.9999998888889013,0.9338409474675261,0.8758927153029847,0.8758927153029847,0.9,1.0,0.9473684210526315
215,ID65_Visual_Cortex_Chimpanzee_16,Visual Cortex,20,0.857142734693895,0.951628529157659,0.8156814798949249,0.7499999062500118,0.9999998333333611,0.9599567098528186,0.9229968780597301,0.9229968780597301,0.75,1.0,0.8571428571428571
216,ID65_Visual_Cortex_Chimpanzee_2,Visual Cortex,20,0.8387096233090566,0.9105867594105136,0.7637178779754065,0.9285713622449028,0.7647058373702448,0.9756612691855747,0.8660833853346948,0.8872544366624984,0.9285714285714286,0.7647058823529411,0.8387096774193549
217,ID65_Visual_Cortex_Chimpanzee_3,Visual Cortex,20,0.8421052188365674,0.9151285762209389,0.7706345499421301,0.7619047256235845,0.9411764152249167,0.9108981607695436,0.8363755600790933,0.8363755600790933,0.7142857142857143,0.8823529411764706,0.7894736842105263
218,ID65_Visual_Cortex_Chimpanzee_4,Visual Cortex,20,0.6999999650000017,0.8624811660153406,0.6037367860238991,0.5833333090277788,0.8749999453125034,0.9090357266341903,0.721609434566659,0.7123765683634734,0.5416666666666666,0.8125,0.65
219,ID65_Visual_Cortex_Chimpanzee_5,Visual Cortex,20,0.9696969109274599,0.9083000709733392,0.8807757730180397,0.9999999375000038,0.9411764152249167,0.9705983072760336,0.8986321223934566,0.9318589924457179,1.0,0.9411764705882353,0.9696969696969697
220,ID65_Visual_Cortex_Chimpanzee_6,Visual Cortex,20,0.8124999492187531,0.8717314211932066,0.7082817354518718,0.7222221820987677,0.9285713622449028,0.8832318759833221,0.7785433070014716,0.7785433070014716,0.6666666666666666,0.8571428571428571,0.75
221,ID65_Visual_Cortex_Chimpanzee_7,Visual Cortex,20,0.7999999200000081,0.9354354411421192,0.7483482780788676,0.7999999200000081,0.7999999200000081,0.90870860338981,0.774839384315727,0.8282876820713939,0.8,0.8,0.8
222,ID65_Visual_Cortex_Chimpanzee_8,Visual Cortex,20,0.7692307297830394,0.8992026990753673,0.6916943484326236,0.6818181508264477,0.8823528892733594,0.8932294111703808,0.7519569857869884,0.7891465053100515,0.6818181818181818,0.8823529411764706,0.7692307692307693
223,ID65_Visual_Cortex_Chimpanzee_9,Visual Cortex,20,0.8823528892733594,0.8832891159444833,0.7793727035173262,0.7894736426592819,0.9999999333333378,0.872991630467775,0.7736482825036679,0.7736482825036679,0.7894736842105263,1.0,0.8823529411764706
224,ID66_Visual_Cortex_Macaque_1,Visual Cortex,20,0.8571427959183717,0.8434367803160336,0.7229457600604745,0.8571427959183717,0.8571427959183717,0.9054795578556705,0.6869942534669878,0.7314331592758687,0.7857142857142857,0.7857142857142857,0.7857142857142857
225,ID66_Visual_Cortex_Macaque_10,Visual Cortex,20,0.9999999230769291,0.8591129342262497,0.8591128681406445,0.9999999230769291,0.9999999230769291,0.9511508527114463,0.9068519101820568,0.9068519101820568,1.0,1.0,1.0
226,ID66_Visual_Cortex_Macaque_11,Visual Cortex,20,0.9090908539944936,0.8554634705534959,0.7776940170065709,0.8333332870370396,0.9999999333333378,0.9153745071671896,0.8439544462268046,0.8439544462268046,0.8333333333333334,1.0,0.9090909090909091
227,ID66_Visual_Cortex_Macaque_12,Visual Cortex,20,0.8275861498216449,0.889762665360939,0.7363552584811042,0.7999999466666703,0.8571427959183717,0.9315417976926998,0.8591304346467777,0.8591304346467777,0.8,0.8571428571428571,0.8275862068965517
228,ID66_Visual_Cortex_Macaque_13,Visual Cortex,20,0.8571427959183717,0.8991267811179211,0.7706800430525007,0.8571427959183717,0.8571427959183717,0.9227040412601979,0.767666140560436,0.8546858203015063,0.8571428571428571,0.8571428571428571,0.8571428571428571
229,ID66_Visual_Cortex_Macaque_14,Visual Cortex,20,0.9599999232000062,0.9133495367277746,0.8768154851134249,0.9230768520710114,0.9999999166666736,0.960833753491273,0.918413414879327,0.918413414879327,0.9230769230769231,1.0,0.96
230,ID66_Visual_Cortex_Macaque_15,Visual Cortex,20,0.8499999575000021,0.882297920321557,0.7499531947756637,0.9444443919753115,0.7727272376033073,0.9531163203558984,0.7575944895127521,0.8570249638067851,0.8888888888888888,0.7272727272727273,0.8
231,ID66_Visual_Cortex_Macaque_16,Visual Cortex,20,0.8148147544581664,0.9065859927698664,0.7386996430939917,0.7857142295918408,0.8461537810650938,0.9040706846872775,0.8249352143931852,0.8249352143931852,0.7857142857142857,0.8461538461538461,0.8148148148148148
232,ID66_Visual_Cortex_Macaque_2,Visual Cortex,20,0.7199999424000046,0.8902088530721338,0.6409503229359106,0.6923076390532585,0.7499999375000053,0.8595728944384234,0.7514572537643366,0.7514572537643366,0.7692307692307693,0.8333333333333334,0.8
233,ID66_Visual_Cortex_Macaque_3,Visual Cortex,20,0.8235293633218022,0.8442784203307748,0.6952880699613398,0.8235293633218022,0.8235293633218022,0.8568768619130538,0.6832439943733131,0.7035314019133504,0.8823529411764706,0.8823529411764706,0.8823529411764706
234,ID66_Visual_Cortex_Macaque_4,Visual Cortex,20,0.588235224913503,0.8786201574109866,0.5168353259081891,0.41666663194444736,0.99999980000004,0.774112865284647,0.631471563215641,0.631471563215641,0.4166666666666667,1.0,0.5882352941176471
235,ID66_Visual_Cortex_Macaque_5,Visual Cortex,20,0.8666666088888928,0.9142755506653475,0.7923720910851618,0.8124999492187531,0.9285713622449028,0.9395623724097965,0.8860138003070576,0.8860138003070576,0.8125,0.9285714285714286,0.8666666666666667
236,ID66_Visual_Cortex_Macaque_6,Visual Cortex,20,0.7499999375000053,0.8233182460538309,0.6174886330829871,0.6923076390532585,0.8181817438016598,0.846168545686397,0.7140517522577707,0.7140517522577707,0.6923076923076923,0.8181818181818182,0.75
237,ID66_Visual_Cortex_Macaque_7,Visual Cortex,20,0.615384568047341,0.9163038079794738,0.5638792230735822,0.5333332977777802,0.7272726611570308,0.8379629629188782,0.4774097506157492,0.4939872671151468,0.5333333333333333,0.7272727272727273,0.6153846153846154
238,ID66_Visual_Cortex_Macaque_8,Visual Cortex,20,0.7999999466666703,0.9080513834137889,0.7264410583016273,0.7999999466666703,0.7999999466666703,0.9521906225492087,0.9087441313665157,0.9087441313665157,0.9333333333333333,0.9333333333333333,0.9333333333333333
239,ID66_Visual_Cortex_Macaque_9,Visual Cortex,20,0.7499999375000053,0.8692719483734344,0.6519539069505835,0.7499999375000053,0.7499999375000053,0.9178270585423907,0.8481334391027587,0.8481334391027587,0.75,0.75,0.75
240,ID67_Visual_Cortex_Macaque_1,Visual Cortex,20,0.7586206373365079,0.9490590626138621,0.7199757909501168,0.6111110771604957,0.9999999090909174,0.9223695672770124,0.8436691352865469,0.8436691352865469,0.6111111111111112,1.0,0.7586206896551724
241,ID67_Visual_Cortex_Macaque_10,Visual Cortex,20,0.9189188692476287,0.9101503268320523,0.8363543091778692,0.9444443919753115,0.8947367950138528,0.9733236547966009,0.7587675705836456,0.7836219452351819,0.8888888888888888,0.8421052631578947,0.8648648648648649
242,ID67_Visual_Cortex_Macaque_11,Visual Cortex,20,0.7272725950413463,0.9648221265696708,0.7016886917436348,0.799999840000032,0.6666665555555741,0.9198127923682039,0.8515309067442141,0.8515309067442141,0.8,0.6666666666666666,0.7272727272727273
243,ID67_Visual_Cortex_Macaque_12,Visual Cortex,20,0.8571427959183717,0.8541963227113499,0.7321682243119982,0.8571427959183717,0.8571427959183717,0.9040473679208332,0.8030125766594014,0.8030125766594014,0.8571428571428571,0.8571428571428571,0.8571428571428571
244,ID67_Visual_Cortex_Macaque_13,Visual Cortex,20,0.8571427755102119,0.9335126998850192,0.8001536665534768,0.8181817438016598,0.8999999100000091,0.9262263421455214,0.8609833236255056,0.8609833236255056,0.9090909090909091,1.0,0.9523809523809523
245,ID67_Visual_Cortex_Macaque_14,Visual Cortex,20,0.9230768757396474,0.9008126026418379,0.8315192828735282,0.8571428163265326,0.9999999444444475,0.9213783542468869,0.8457461390070596,0.8457461390070596,0.8571428571428571,1.0,0.9230769230769231
246,ID67_Visual_Cortex_Macaque_15,Visual Cortex,20,0.7272726611570308,0.8601840106828862,0.6255883145340705,0.615384568047341,0.8888887901234679,0.7217847768239518,0.56468172474937,0.56468172474937,0.6923076923076923,1.0,0.8181818181818182
247,ID67_Visual_Cortex_Macaque_16,Visual Cortex,20,0.8823528892733594,0.8929547150883369,0.7879011728484635,0.8823528892733594,0.8823528892733594,0.912323232270573,0.8046715625454232,0.816608996454167,0.8823529411764706,0.8823529411764706,0.8823529411764706
248,ID67_Visual_Cortex_Macaque_2,Visual Cortex,20,0.8461537810650938,0.9230681757685788,0.7810576271074415,0.7857142295918408,0.9166665902777842,0.9560213143192879,0.9051164048585386,0.9051164048585386,0.7857142857142857,0.9166666666666666,0.8461538461538461
249,ID67_Visual_Cortex_Macaque_3,Visual Cortex,20,0.9189188692476287,0.8043182163615148,0.7391031858941928,0.8947367950138528,0.9444443919753115,0.8795710969929126,0.7766562410041716,0.7766562410041716,0.8421052631578947,0.8888888888888888,0.8648648648648649
250,ID67_Visual_Cortex_Macaque_4,Visual Cortex,20,0.9374999414062536,0.8810386946905346,0.8259737246490184,0.8823528892733594,0.9999999333333378,0.9365638240176306,0.8796410543040223,0.8796410543040223,0.8823529411764706,1.0,0.9375
251,ID67_Visual_Cortex_Macaque_5,Visual Cortex,20,0.8372092633856156,0.9156539452603631,0.7665939650275615,0.7826086616257103,0.8999999550000022,0.9128118866969063,0.8071074379498258,0.8256419004669758,0.782608695652174,0.9,0.8372093023255814
252,ID67_Visual_Cortex_Macaque_6,Visual Cortex,20,0.7368420664819965,0.8937970550858322,0.6585872690849675,0.6999999650000017,0.7777777345679036,0.9160128190454186,0.8418481578626248,0.8418481578626248,0.8,0.8888888888888888,0.8421052631578947
253,ID67_Visual_Cortex_Macaque_7,Visual Cortex,20,0.9090908264462886,0.9224346528124807,0.8385768808679933,0.9090908264462886,0.9090908264462886,0.9445054082971857,0.8948462793858835,0.8948462793858835,0.9090909090909091,0.9090909090909091,0.9090909090909091
254,ID67_Visual_Cortex_Macaque_8,Visual Cortex,20,0.6874999570312527,0.8807125489789116,0.6054898395798868,0.6111110771604957,0.7857142295918408,0.8938295668579016,0.7832264956428177,0.783099815272825,0.6666666666666666,0.8571428571428571,0.75
255,ID67_Visual_Cortex_Macaque_9,Visual Cortex,20,0.8275861498216449,0.8997082911195629,0.7445861206102506,0.8571427959183717,0.7999999466666703,0.9399283354921711,0.7850742748425991,0.7932468185972978,0.8571428571428571,0.8,0.8275862068965517
256,ID68_Visual_Cortex_Macaque_1,Visual Cortex,20,0.8780487376561591,0.8342106814846647,0.7324776358168941,0.7826086616257103,0.9999999444444475,0.906592588873129,0.7876208210705311,0.7876208210705311,0.782608695652174,1.0,0.8780487804878049
257,ID68_Visual_Cortex_Macaque_10,Visual Cortex,20,0.9999999090909174,0.871543145231323,0.8715430660001353,0.9999999090909174,0.9999999090909174,0.9505098233679116,0.9056872036841602,0.9056872036841602,1.0,1.0,1.0
258,ID68_Visual_Cortex_Macaque_11,Visual Cortex,20,0.9545454111570267,0.8991036732840246,0.8582352854876923,0.9130434385633287,0.9999999523809546,0.9393363779275214,0.8856119493304669,0.8856119493304669,0.9130434782608695,1.0,0.9545454545454546
259,ID68_Visual_Cortex_Macaque_12,Visual Cortex,20,0.8999999550000022,0.8866300387872903,0.7979669950102115,0.8571428163265326,0.9473683711911383,0.897990489292939,0.8140246729603909,0.8140246729603909,0.8095238095238095,0.8947368421052632,0.85
260,ID68_Visual_Cortex_Macaque_13,Visual Cortex,20,0.7142856122449125,0.8626048369247656,0.6161462240682292,0.8333331944444675,0.6249999218750099,0.8701259746745461,0.7701088397212348,0.7701088397212348,0.8333333333333334,0.625,0.7142857142857143
261,ID68_Visual_Cortex_Macaque_14,Visual Cortex,20,0.588235224913503,0.887348803951679,0.5219698232692438,0.499999950000005,0.7142856122449125,0.7333077512023584,0.5755743650013379,0.5755743650013379,0.6,0.8571428571428571,0.7058823529411765
262,ID68_Visual_Cortex_Macaque_15,Visual Cortex,20,0.9166665902777842,0.8582413372601537,0.7867211602617109,0.8461537810650938,0.9999999090909174,0.9000447426487656,0.8182557759814096,0.8182557759814096,0.8461538461538461,1.0,0.9166666666666666
263,ID68_Visual_Cortex_Macaque_16,Visual Cortex,20,0.9333332711111153,0.9379122781381374,0.8753847345699459,0.9333332711111153,0.9333332711111153,0.9610956909058973,0.925105115546154,0.925105115546154,0.9333333333333333,0.9333333333333333,0.9333333333333333
264,ID68_Visual_Cortex_Macaque_2,Visual Cortex,20,0.7499999375000053,0.8672130808393061,0.6504097564286666,0.5999999600000027,0.9999998888889013,0.7928378898220486,0.6558979808017111,0.6558979808017111,0.6,1.0,0.75
265,ID68_Visual_Cortex_Macaque_3,Visual Cortex,20,0.7567567158509882,0.8821532873670413,0.6675754246250353,0.6999999650000017,0.8235293633218022,0.8468761285152957,0.7205882352194917,0.7205882352194917,0.7,0.8235294117647058,0.7567567567567568
266,ID68_Visual_Cortex_Macaque_4,Visual Cortex,20,0.7692307297830394,0.9063246378510538,0.697172762594515,0.6818181508264477,0.8823528892733594,0.9409971902975858,0.8695690882416693,0.8695690882416693,0.7272727272727273,0.9411764705882353,0.8205128205128205
267,ID68_Visual_Cortex_Macaque_5,Visual Cortex,20,0.7027026647187748,0.8672027930805046,0.6093857135492349,0.7222221820987677,0.684210490304711,0.8783401445625935,0.7545504687668183,0.7545504687668183,0.8333333333333334,0.7894736842105263,0.8108108108108109
268,ID68_Visual_Cortex_Macaque_6,Visual Cortex,20,0.8823528892733594,0.9033346161311134,0.7970599085239289,0.8823528892733594,0.8823528892733594,0.947446610897713,0.9001411431545352,0.9001411431545352,0.8823529411764706,0.8823529411764706,0.8823529411764706
269,ID68_Visual_Cortex_Macaque_7,Visual Cortex,20,0.8823528892733594,0.8727913032657844,0.7701099281692256,0.8823528892733594,0.8823528892733594,0.9049494775986213,0.7618269230036705,0.7668952994990018,0.8823529411764706,0.8823529411764706,0.8823529411764706
270,ID68_Visual_Cortex_Macaque_8,Visual Cortex,20,0.8571427959183717,0.9021048140928687,0.7732326425629844,0.8571427959183717,0.8571427959183717,0.8865476036948126,0.7962150933768503,0.7962150933768503,0.7857142857142857,0.7857142857142857,0.7857142857142857
271,ID68_Visual_Cortex_Macaque_9,Visual Cortex,20,0.857142734693895,0.8948260516106392,0.7669936489528837,0.7499999062500118,0.9999998333333611,0.8460269451682668,0.7310804377127367,0.7310804377127367,0.75,1.0,0.8571428571428571
272,ID69_Visual_Cortex_Macaque_1,Visual Cortex,20,0.7586206373365079,0.9135977252279632,0.6930740885816212,0.6874999570312527,0.8461537810650938,0.9235621308031675,0.815238888225748,0.815238888225748,0.625,0.7692307692307693,0.6896551724137931
273,ID69_Visual_Cortex_Macaque_10,Visual Cortex,20,0.8749999453125034,0.9243787494706142,0.8088313552348276,0.7777777345679036,0.9999999285714337,0.9642477875618585,0.9071270131249757,0.9071270131249757,0.7777777777777778,1.0,0.875
274,ID69_Visual_Cortex_Macaque_11,Visual Cortex,20,0.8717948270874447,0.8792910864188576,0.7665614206440593,0.8499999575000021,0.8947367950138528,0.9129779360964333,0.8113099615255936,0.8289748516309654,0.9,0.9473684210526315,0.9230769230769231
275,ID69_Visual_Cortex_Macaque_12,Visual Cortex,20,0.7058823114186875,0.814099906667655,0.574658723844302,0.7499999531250029,0.6666666296296316,0.9281470137256878,0.5720074559873566,0.6180989195541581,0.6875,0.6111111111111112,0.6470588235294118
276,ID69_Visual_Cortex_Macaque_13,Visual Cortex,20,0.8666666088888928,0.8900104962995203,0.7713423787034258,0.8666666088888928,0.8666666088888928,0.9304172844243583,0.7601453663788055,0.7853833789557167,0.8,0.8,0.8
277,ID69_Visual_Cortex_Macaque_14,Visual Cortex,20,0.8888888230452724,0.9163463900008108,0.8145300641096048,0.8571427959183717,0.9230768520710114,0.9402281004991803,0.8808400717788814,0.8808400717788814,0.8571428571428571,0.9230769230769231,0.8888888888888888
278,ID69_Visual_Cortex_Macaque_15,Visual Cortex,20,0.8372092633856156,0.86208899083295,0.7217488889881029,0.8181817809917372,0.8571428163265326,0.9303730663901593,0.740373395522732,0.7890864100547577,0.6818181818181818,0.7142857142857143,0.6976744186046512
279,ID69_Visual_Cortex_Macaque_16,Visual Cortex,20,0.9333332711111153,0.8922259236610657,0.8327441399007187,0.8749999453125034,0.9999999285714337,0.9462099811119227,0.8979113145428447,0.8979113145428447,0.875,1.0,0.9333333333333333
280,ID69_Visual_Cortex_Macaque_2,Visual Cortex,20,0.896551662306782,0.8493383065209863,0.7614756705722173,0.8666666088888928,0.9285713622449028,0.9349823809206811,0.8779032047647718,0.8779032047647718,0.8,0.8571428571428571,0.8275862068965517
281,ID69_Visual_Cortex_Macaque_3,Visual Cortex,20,0.8648648181154152,0.8680521074801653,0.7507477280505359,0.8421052188365674,0.8888888395061756,0.9052445491511346,0.7662804633673311,0.8161386985427933,0.7894736842105263,0.8333333333333334,0.8108108108108109
282,ID69_Visual_Cortex_Macaque_4,Visual Cortex,20,0.8387096233090566,0.916241041098528,0.7684601784400443,0.8124999492187531,0.8666666088888928,0.9539656846258358,0.9110368719486467,0.9110368719486467,0.75,0.8,0.7741935483870968
283,ID69_Visual_Cortex_Macaque_5,Visual Cortex,20,0.8888888230452724,0.919933578917366,0.8177186762436827,0.8571427959183717,0.9230768520710114,0.9458265861220502,0.8924641313703211,0.8924641313703211,0.8571428571428571,0.9230769230769231,0.8888888888888888
284,ID69_Visual_Cortex_Macaque_6,Visual Cortex,20,0.9374999414062536,0.9047955218286129,0.8482457486989652,0.8823528892733594,0.9999999333333378,0.9559953678831459,0.9157003125021982,0.9157003125021982,0.8823529411764706,1.0,0.9375
285,ID69_Visual_Cortex_Macaque_7,Visual Cortex,20,0.7547169526521904,0.8928320456512411,0.673835480724126,0.6666666444444451,0.8695651795841226,0.915369290898127,0.8248283290140819,0.8248283290140819,0.7,0.9130434782608695,0.7924528301886793
286,ID69_Visual_Cortex_Macaque_8,Visual Cortex,20,0.8648648181154152,0.8876163874801245,0.7676681855142597,0.799999960000002,0.9411764152249167,0.9534798534216434,0.9110955546714391,0.9110955546714391,0.75,0.8823529411764706,0.8108108108108109
287,ID69_Visual_Cortex_Macaque_9,Visual Cortex,20,0.8823528892733594,0.855472608430271,0.7548287277426668,0.8823528892733594,0.8823528892733594,0.9342683006137841,0.7879725844806574,0.8234942637639228,0.8823529411764706,0.8823529411764706,0.8823529411764706
