,image_names,Area,small_objects_threshold,dq_metrics,sq_metrics,pq_metrics,precision_metrics,recall_metrics,dice_list,aji_list,aji_plus_list,prec_d_metrics,rec_d_metrics,f1_d_metrics
0,ID10_Aud_Cortex_Tursiops_1,Auditory Cortex,20,0.7142856938775517,0.8382800590942379,0.5987714536738428,0.7352940960207619,0.6944444251543216,0.9115771042268072,0.7107561929132492,0.7229564717193682,0.7058823529411765,0.6666666666666666,0.6857142857142857
1,ID10_Aud_Cortex_Tursiops_10,Auditory Cortex,20,0.7457626865843157,0.8229089874052589,0.6136948172617246,0.7857142576530622,0.7096773964620194,0.8109960514928857,0.6464827420701681,0.6555254069245775,0.8928571428571429,0.8064516129032258,0.847457627118644
2,ID10_Aud_Cortex_Tursiops_11,Auditory Cortex,20,0.8064515868886585,0.8316284113196061,0.6706680520103903,0.7812499755859383,0.8333333055555564,0.8899099429706604,0.6617270398223813,0.6796665979955065,0.75,0.8,0.7741935483870968
3,ID10_Aud_Cortex_Tursiops_12,Auditory Cortex,20,0.7323943455663565,0.7863427046925718,0.5759129505941949,0.8124999746093758,0.6666666495726501,0.8585049052882061,0.6025441832780594,0.6956419867976051,0.84375,0.6923076923076923,0.7605633802816901
4,ID10_Aud_Cortex_Tursiops_13,Auditory Cortex,20,0.9444443919753115,0.8417223109060933,0.7949599161357593,0.9444443919753115,0.9444443919753115,0.8913073424863882,0.8034782606699433,0.8034782606699433,0.9444444444444444,0.9444444444444444,0.9444444444444444
5,ID10_Aud_Cortex_Tursiops_14,Auditory Cortex,20,0.7999999753846162,0.8274572170047378,0.6619657532356134,0.8666666377777787,0.7428571216326537,0.8925061424513202,0.5890903151568602,0.6974246688877672,0.8666666666666667,0.7428571428571429,0.8
6,ID10_Aud_Cortex_Tursiops_15,Auditory Cortex,20,0.7547169526521904,0.8292006312575011,0.6258117735599339,0.7692307396449716,0.7407407133058995,0.8502219212480085,0.6853019645057844,0.7183298861532665,0.7307692307692307,0.7037037037037037,0.7169811320754716
7,ID10_Aud_Cortex_Tursiops_16,Auditory Cortex,20,0.9230768875739658,0.8487194333437835,0.7834332929545196,0.9230768875739658,0.9230768875739658,0.90399057569548,0.8248018271093911,0.8248018271093911,0.9615384615384616,0.9615384615384616,0.9615384615384616
8,ID10_Aud_Cortex_Tursiops_2,Auditory Cortex,20,0.8571428221574358,0.776109276565559,0.665236495617969,0.8749999635416682,0.8399999664000013,0.8698323094081162,0.7613718935094649,0.7683499705272533,0.875,0.84,0.8571428571428571
9,ID10_Aud_Cortex_Tursiops_3,Auditory Cortex,20,0.7999999786666673,0.8233345481820626,0.6586676209811803,0.8333333101851859,0.769230749506904,0.8770802249008905,0.6025895622684415,0.7210864196818679,0.8055555555555556,0.7435897435897436,0.7733333333333333
10,ID10_Aud_Cortex_Tursiops_4,Auditory Cortex,20,0.7142856887755111,0.8157090459407433,0.5826492977201989,0.6666666444444451,0.7692307396449716,0.885861713060585,0.7727107886878775,0.7731015552815095,0.7,0.8076923076923077,0.75
11,ID10_Aud_Cortex_Tursiops_5,Auditory Cortex,20,0.8499999575000021,0.8050391633538925,0.6842832546366459,0.8499999575000021,0.8499999575000021,0.9075251508323923,0.8146327355675776,0.8247907180459992,0.95,0.95,0.95
12,ID10_Aud_Cortex_Tursiops_6,Auditory Cortex,20,0.8333333101851859,0.8258799584962447,0.6882332796292795,0.8108107888970058,0.857142832653062,0.8665231431128738,0.7511781337573381,0.7511781337573381,0.8378378378378378,0.8857142857142857,0.8611111111111112
13,ID10_Aud_Cortex_Tursiops_7,Auditory Cortex,20,0.7419354599375658,0.8449368116399137,0.6268885819622398,0.7419354599375658,0.7419354599375658,0.8895818567760749,0.7011182649157214,0.7436974788996913,0.7096774193548387,0.7096774193548387,0.7096774193548387
14,ID10_Aud_Cortex_Tursiops_8,Auditory Cortex,20,0.7547169526521904,0.8248991577455773,0.6225653785791007,0.7999999680000013,0.7142856887755111,0.8526550788667951,0.6540487565044654,0.6989975615417234,0.88,0.7857142857142857,0.8301886792452831
15,ID10_Aud_Cortex_Tursiops_9,Auditory Cortex,20,0.823529379469436,0.8150705829054495,0.6712345713639164,0.9545454111570267,0.7241379060642101,0.9167494303372816,0.4985691573609813,0.6937462892644225,0.9545454545454546,0.7241379310344828,0.8235294117647058
16,ID14_Aud_Cortex_Tursiops_1,Auditory Cortex,20,0.6849314880840689,0.8073713267496969,0.5529940442670789,0.7812499755859383,0.609756082688876,0.7938435123378805,0.5368648289159029,0.629333599697339,0.8125,0.6341463414634146,0.7123287671232876
17,ID14_Aud_Cortex_Tursiops_10,Auditory Cortex,20,0.857142832653062,0.8084679345414344,0.6929724955220155,0.937499970703126,0.7894736634349037,0.8905854800519631,0.7464194779800748,0.7692881411478173,0.9375,0.7894736842105263,0.8571428571428571
18,ID14_Aud_Cortex_Tursiops_11,Auditory Cortex,20,0.8124999746093758,0.8186514445517696,0.6651542779122417,0.8666666377777787,0.7647058598615925,0.9160590327879566,0.8180206485746145,0.8309302573073876,0.9666666666666667,0.8529411764705882,0.90625
19,ID14_Aud_Cortex_Tursiops_12,Auditory Cortex,20,0.7532467336819031,0.8032793369560202,0.605067536796287,0.8285714048979599,0.6904761740362816,0.8589600223050768,0.6284186715372796,0.7172347574751278,0.8857142857142857,0.7380952380952381,0.8051948051948052
20,ID14_Aud_Cortex_Tursiops_13,Auditory Cortex,20,0.7936507684555312,0.8190085159565371,0.6500067380605299,0.8620689357907263,0.7352940960207619,0.8908162052458823,0.7126204238234469,0.7789284581233299,0.896551724137931,0.7647058823529411,0.8253968253968254
21,ID14_Aud_Cortex_Tursiops_14,Auditory Cortex,20,0.5116278831800984,0.8064410204500198,0.41259771220244207,0.7333332844444478,0.3928571288265311,0.7964453736752278,0.6208638955793212,0.6291943449788461,0.8666666666666667,0.4642857142857143,0.6046511627906976
22,ID14_Aud_Cortex_Tursiops_15,Auditory Cortex,20,0.7058823321799315,0.8119189561535325,0.5731192463107511,0.9230768875739658,0.5714285578231296,0.8569953535843446,0.5973335734981232,0.6792371043910667,0.9230769230769231,0.5714285714285714,0.7058823529411765
23,ID14_Aud_Cortex_Tursiops_16,Auditory Cortex,20,0.5999999850000004,0.7895130340212764,0.4737078085700706,0.7272727052341605,0.5106382870076961,0.8526902666183455,0.5502696120585955,0.6156935098094537,0.8181818181818182,0.574468085106383,0.675
24,ID14_Aud_Cortex_Tursiops_2,Auditory Cortex,20,0.7164178890621526,0.8177674537192778,0.5858632329372966,0.7272727052341605,0.7058823321799315,0.8979178588326839,0.6883409650800746,0.7362427391672086,0.8181818181818182,0.7941176470588235,0.8059701492537313
25,ID14_Aud_Cortex_Tursiops_3,Auditory Cortex,20,0.7594936516583887,0.8118881789339686,0.6166239177568391,0.8823529152249143,0.6666666518518523,0.854799966832817,0.6184765577547019,0.6901861962277624,0.8529411764705882,0.6444444444444445,0.7341772151898734
26,ID14_Aud_Cortex_Tursiops_4,Auditory Cortex,20,0.7714285493877557,0.8649645827358127,0.6672583733316734,0.8709677138397511,0.6923076745562136,0.8740997454446255,0.7576042941183158,0.7601029354975121,0.9032258064516129,0.717948717948718,0.8
27,ID14_Aud_Cortex_Tursiops_5,Auditory Cortex,20,0.6666666502057618,0.8326499696953585,0.5550999660907338,0.7941176237024229,0.5744680728836581,0.8534658149584354,0.6161699211636745,0.6846006694815399,0.8529411764705882,0.6170212765957447,0.7160493827160493
28,ID14_Aud_Cortex_Tursiops_6,Auditory Cortex,20,0.8292682724568714,0.7976016879346682,0.661425773862267,0.9189188940832732,0.7555555387654325,0.8625334045503723,0.6672736301384478,0.7057161089702145,0.972972972972973,0.8,0.8780487804878049
29,ID14_Aud_Cortex_Tursiops_7,Auditory Cortex,20,0.7654320798658746,0.8343506988170429,0.6386387907330751,0.8611110871913588,0.6888888735802473,0.8710941527858568,0.6854753592039071,0.7429675563275845,0.9444444444444444,0.7555555555555555,0.8395061728395061
30,ID14_Aud_Cortex_Tursiops_8,Auditory Cortex,20,0.7118643826486649,0.8238754252370258,0.5864875709657617,0.7777777489711944,0.6562499794921882,0.8976218322886844,0.6724299064635012,0.7496589357776727,0.8888888888888888,0.75,0.8135593220338984
31,ID14_Aud_Cortex_Tursiops_9,Auditory Cortex,20,0.6849314880840689,0.8140724323102217,0.5575838424704577,0.7812499755859383,0.609756082688876,0.844441525980403,0.5221932114456435,0.6334870749079172,0.8125,0.6341463414634146,0.7123287671232876
32,ID22_Aud_Cortex_Tursiops_1,Auditory Cortex,20,0.6575342285607061,0.8275870086854283,0.5441667853228355,0.5714285578231296,0.7741935234131121,0.7690257623972422,0.5559203325550622,0.5605360442327781,0.6666666666666666,0.9032258064516129,0.7671232876712328
33,ID22_Aud_Cortex_Tursiops_10,Auditory Cortex,20,0.8590603911535518,0.8399794074295301,0.7215930383073408,0.8533333219555558,0.8648648531775021,0.9146452567784237,0.7993422691315291,0.7985559936095777,0.8266666666666667,0.8378378378378378,0.8322147651006712
34,ID22_Aud_Cortex_Tursiops_11,Auditory Cortex,20,0.7155963171450217,0.8674955554621469,0.6207766246283872,0.6610169379488655,0.7799999844000004,0.8457432121101821,0.7196393570584367,0.7205067299508704,0.7288135593220338,0.86,0.7889908256880734
35,ID22_Aud_Cortex_Tursiops_12,Auditory Cortex,20,0.8333333217592594,0.850078851655963,0.7083990332077603,0.7894736738227148,0.8823529282006922,0.9024876945289847,0.8059165218991606,0.8101258201908298,0.7894736842105263,0.8823529411764706,0.8333333333333334
36,ID22_Aud_Cortex_Tursiops_13,Auditory Cortex,20,0.828571416734694,0.8544905523731223,0.7080064475662092,0.7733333230222224,0.8923076785798819,0.8918910034877595,0.7978371350432669,0.7978371350432669,0.7333333333333333,0.8461538461538461,0.7857142857142857
37,ID22_Aud_Cortex_Tursiops_14,Auditory Cortex,20,0.8813559172651539,0.8411665685968565,0.7413671326384644,0.896551708680143,0.8666666522222225,0.9149201152576266,0.7807483366428158,0.795833599540173,0.896551724137931,0.8666666666666667,0.8813559322033898
38,ID22_Aud_Cortex_Tursiops_15,Auditory Cortex,20,0.8644067650100549,0.8744014260113735,0.7558385079786702,0.9107142694515309,0.8225806318938608,0.9495136637038902,0.821621329834757,0.8261531520905518,0.9642857142857143,0.8709677419354839,0.9152542372881356
39,ID22_Aud_Cortex_Tursiops_16,Auditory Cortex,20,0.8761904595011342,0.8642102709472341,0.7572127944068567,0.8518518360768179,0.9019607666282203,0.9256486285794793,0.7600703826581996,0.7860452799691483,0.8703703703703703,0.9215686274509803,0.8952380952380953
40,ID22_Aud_Cortex_Tursiops_2,Auditory Cortex,20,0.9591836538942112,0.8229833735228399,0.7893921993098221,0.9215686093810077,0.9999999787234047,0.8869035930800212,0.7748736712363,0.7748736712363,0.9215686274509803,1.0,0.9591836734693877
41,ID22_Aud_Cortex_Tursiops_3,Auditory Cortex,20,0.8571428435374152,0.8187888867716432,0.701819034664281,0.8437499868164064,0.8709677278876173,0.8970473970038342,0.7422362765959428,0.7459725283410231,0.84375,0.8709677419354839,0.8571428571428571
42,ID22_Aud_Cortex_Tursiops_4,Auditory Cortex,20,0.8768472820015046,0.829334825020285,0.7271999871882303,0.8725490110534411,0.8811881100872465,0.9024277014418082,0.7187363262134097,0.742766038418867,0.8235294117647058,0.8316831683168316,0.8275862068965517
43,ID22_Aud_Cortex_Tursiops_5,Auditory Cortex,20,0.8799999824000004,0.8451823207940967,0.7437604274235966,0.8979591653477722,0.8627450811226455,0.8855254983404571,0.7837810745004229,0.7860601169269659,0.8979591836734694,0.8627450980392157,0.88
44,ID22_Aud_Cortex_Tursiops_6,Auditory Cortex,20,0.8502993910143786,0.8304731019646787,0.7061507728543882,0.8554216764407028,0.8452380851757371,0.8894971095081216,0.7390703896793807,0.7611496530876137,0.8313253012048193,0.8214285714285714,0.8263473053892215
45,ID22_Aud_Cortex_Tursiops_7,Auditory Cortex,20,0.8474576175428518,0.8445096005368643,0.7156860940630365,0.8522727175878101,0.8426966197449818,0.902771924107545,0.8083265114718555,0.8097277633883051,0.8181818181818182,0.8089887640449438,0.8135593220338984
46,ID22_Aud_Cortex_Tursiops_8,Auditory Cortex,20,0.8711656334826303,0.835868531410463,0.7281799386743919,0.8658536479773946,0.8765431990550223,0.9037456445747021,0.793218213351668,0.8071625343955547,0.7804878048780488,0.7901234567901234,0.7852760736196319
47,ID22_Aud_Cortex_Tursiops_9,Auditory Cortex,20,0.8589743479618673,0.8405144601738075,0.7219803603803172,0.8815789357686983,0.8374999895312502,0.8890430698380466,0.7167524992116349,0.7694777599032261,0.8289473684210527,0.7875,0.8076923076923077
48,ID28_Aud_Cortex_Tursiops_1,Auditory Cortex,20,0.8709677138397511,0.9061295378025055,0.7892095719825185,0.8437499736328133,0.899999970000001,0.9256900211680233,0.7514463728580945,0.8491641336310582,0.78125,0.8333333333333334,0.8064516129032258
49,ID28_Aud_Cortex_Tursiops_10,Auditory Cortex,20,0.8571428299319737,0.8799348521397874,0.7542298493188702,0.8437499736328133,0.8709677138397511,0.9043507139734016,0.804765450364145,0.8070517628196471,0.875,0.9032258064516129,0.8888888888888888
50,ID28_Aud_Cortex_Tursiops_11,Auditory Cortex,20,0.8518518203017844,0.904450089560221,0.7704574551639862,0.7931034209274682,0.9199999632000014,0.9158046934806134,0.8405322413837191,0.8405322413837191,0.8275862068965517,0.96,0.8888888888888888
51,ID28_Aud_Cortex_Tursiops_12,Auditory Cortex,20,0.8285714048979599,0.8749556367620726,0.7249632211753395,0.7837837626004389,0.878787852157944,0.9211187931635701,0.8194523134259252,0.8247156646444885,0.8378378378378378,0.9393939393939394,0.8857142857142857
52,ID28_Aud_Cortex_Tursiops_13,Auditory Cortex,20,0.6530611978342368,0.8846876132199428,0.5777551523985278,0.5714285510204089,0.7619047256235845,0.9086265896670602,0.5486059708519241,0.5746340678321832,0.6071428571428571,0.8095238095238095,0.6938775510204082
53,ID28_Aud_Cortex_Tursiops_14,Auditory Cortex,20,0.7462686344397423,0.8572838361210806,0.6397640377093426,0.6944444251543216,0.8064515868886585,0.8553066817072765,0.6141282155146144,0.5995464851701365,0.6944444444444444,0.8064516129032258,0.746268656716418
54,ID28_Aud_Cortex_Tursiops_15,Auditory Cortex,20,0.8888888493827177,0.9121974894136743,0.8108421767747248,0.8333332986111125,0.9523809070294805,0.9521171348672641,0.9083220056021262,0.9083220056021262,0.875,1.0,0.9333333333333333
55,ID28_Aud_Cortex_Tursiops_16,Auditory Cortex,20,0.8235293633218022,0.9073003590169283,0.7471884870028535,0.7368420664819965,0.9333332711111153,0.9176377639901959,0.8350851754856524,0.8350851754856524,0.7368421052631579,0.9333333333333333,0.8235294117647058
56,ID28_Aud_Cortex_Tursiops_2,Auditory Cortex,20,0.7931034209274682,0.9033295757800621,0.7164337767761259,0.7666666411111119,0.8214285420918378,0.9151506113245489,0.7027027026222282,0.8075471697024869,0.7333333333333333,0.7857142857142857,0.7586206896551724
57,ID28_Aud_Cortex_Tursiops_3,Auditory Cortex,20,0.8148147846364894,0.91216129954269,0.7432425128406173,0.8799999648000014,0.7586206634958391,0.9405169136316498,0.7115689380908271,0.8646350104775629,0.84,0.7241379310344828,0.7777777777777778
58,ID28_Aud_Cortex_Tursiops_4,Auditory Cortex,20,0.9041095642709709,0.9112442154043416,0.8238646105336621,0.8461538244575944,0.9705882067474058,0.9362113401559164,0.8443044109700141,0.8571998403612684,0.8461538461538461,0.9705882352941176,0.9041095890410958
59,ID28_Aud_Cortex_Tursiops_5,Auditory Cortex,20,0.9454545110743814,0.9003366744516267,0.8512273703459972,0.9629629272976693,0.9285713954081645,0.9468190525898911,0.8985325472346002,0.8985325472346002,0.9629629629629629,0.9285714285714286,0.9454545454545454
60,ID28_Aud_Cortex_Tursiops_6,Auditory Cortex,20,0.8301886479174094,0.8877361023157628,0.7369884344889942,0.7857142576530622,0.8799999648000014,0.8709041261475345,0.7665818034615326,0.7665818034615326,0.7857142857142857,0.88,0.8301886792452831
61,ID28_Aud_Cortex_Tursiops_7,Auditory Cortex,20,0.8928571109693889,0.9013010788934185,0.804733077414371,0.8333333055555564,0.9615384245562144,0.9213709676873001,0.7839839203655999,0.7839839203655999,0.8,0.9230769230769231,0.8571428571428571
62,ID28_Aud_Cortex_Tursiops_8,Auditory Cortex,20,0.8571428221574358,0.8910148407557447,0.7637269751895371,0.8076922766272201,0.9130434385633287,0.9321432411084909,0.6971355003705929,0.8333990534634464,0.7692307692307693,0.8695652173913043,0.8163265306122449
63,ID28_Aud_Cortex_Tursiops_9,Auditory Cortex,20,0.7719297974761474,0.9218842645814846,0.7116299336548325,0.7096773964620194,0.8461538136094686,0.8724162508132202,0.6198852771676373,0.7548467791190046,0.7741935483870968,0.9230769230769231,0.8421052631578947
64,ID43_Aud_Cortex_Tursiops_1,Auditory Cortex,20,0.7499999687500013,0.8710630495120013,0.6532972599132818,0.620689633769323,0.9473683711911383,0.9073092971584552,0.702996281934607,0.702778221243591,0.5862068965517241,0.8947368421052632,0.7083333333333334
65,ID43_Aud_Cortex_Tursiops_10,Auditory Cortex,20,0.7187499775390632,0.8460999927901921,0.6081343508137521,0.6388888711419759,0.8214285420918378,0.8630380647072644,0.7351450943700948,0.7390766374805446,0.6388888888888888,0.8214285714285714,0.71875
66,ID43_Aud_Cortex_Tursiops_11,Auditory Cortex,20,0.7037036776406045,0.9018838496729741,0.634658981819538,0.558823512975779,0.9499999525000024,0.9160314434899933,0.7797562267324053,0.7797562267324053,0.5588235294117647,0.95,0.7037037037037037
67,ID43_Aud_Cortex_Tursiops_12,Auditory Cortex,20,0.7499999625000018,0.8755484789604061,0.6566613263872382,0.6818181508264477,0.8333332870370396,0.9244956272870164,0.7425183511615953,0.7449573165562471,0.5909090909090909,0.7222222222222222,0.65
68,ID43_Aud_Cortex_Tursiops_13,Auditory Cortex,20,0.6249999609375024,0.8464177411612496,0.5290110551625901,0.4999999750000012,0.8333332638888947,0.8170381249877362,0.5727919329636453,0.6690471114187756,0.5,0.8333333333333334,0.625
69,ID43_Aud_Cortex_Tursiops_14,Auditory Cortex,20,0.6666666349206364,0.8302191555896421,0.553479410703599,0.5599999776000009,0.8235293633218022,0.8034918937821356,0.614474314206548,0.6096931459270366,0.56,0.8235294117647058,0.6666666666666666
70,ID43_Aud_Cortex_Tursiops_15,Auditory Cortex,20,0.8076922766272201,0.8404370787572725,0.6788145375033917,0.6999999766666675,0.9545454111570267,0.8860020260481496,0.7770835538730188,0.7770835538730188,0.7,0.9545454545454546,0.8076923076923077
71,ID43_Aud_Cortex_Tursiops_16,Auditory Cortex,20,0.6976743861546797,0.8719590071122019,0.6083434650390495,0.6521738846880919,0.7499999625000018,0.9360658331644222,0.7907782153476315,0.8161960191983764,0.6956521739130435,0.8,0.7441860465116279
72,ID43_Aud_Cortex_Tursiops_2,Auditory Cortex,20,0.8076922766272201,0.8936082275107601,0.7217604636909807,0.7499999732142867,0.8749999635416682,0.8790650892820985,0.7451060027012342,0.7742182188329182,0.7142857142857143,0.8333333333333334,0.7692307692307693
73,ID43_Aud_Cortex_Tursiops_3,Auditory Cortex,20,0.7659574142145781,0.8420871497179702,0.6450028957413007,0.6923076656804744,0.8571428163265326,0.815209988602996,0.6012393233460693,0.5881027489330236,0.6538461538461539,0.8095238095238095,0.723404255319149
74,ID43_Aud_Cortex_Tursiops_4,Auditory Cortex,20,0.744186011898325,0.8538339753681538,0.635411300952519,0.639999974400001,0.8888888395061756,0.7791526563026797,0.6200021788190432,0.6200021788190432,0.6,0.8333333333333334,0.6976744186046512
75,ID43_Aud_Cortex_Tursiops_5,Auditory Cortex,20,0.7924528002847999,0.8762946299372991,0.6944221333683451,0.6999999766666675,0.9130434385633287,0.8727157158285547,0.7100174215409393,0.7457924911461261,0.6666666666666666,0.8695652173913043,0.7547169811320755
76,ID43_Aud_Cortex_Tursiops_6,Auditory Cortex,20,0.8301886479174094,0.8848601415977271,0.7346008445490245,0.7586206634958391,0.9166666284722238,0.9239964033995877,0.8053753474693813,0.8327840247350926,0.7931034482758621,0.9583333333333334,0.8679245283018868
77,ID43_Aud_Cortex_Tursiops_7,Auditory Cortex,20,0.7878787640036738,0.8490666967442261,0.668961619587523,0.7428571216326537,0.8387096503642048,0.9082438912579016,0.7916700560651045,0.794966387867276,0.7714285714285715,0.8709677419354839,0.8181818181818182
78,ID43_Aud_Cortex_Tursiops_8,Auditory Cortex,20,0.7241379060642101,0.8501457978153627,0.6156227978793041,0.61764704065744,0.8749999635416682,0.6562499999520846,0.48337485102530325,0.48337485102530325,0.6176470588235294,0.875,0.7241379310344828
79,ID43_Aud_Cortex_Tursiops_9,Auditory Cortex,20,0.6923076656804744,0.8552137568593491,0.5920710396691248,0.5999999800000007,0.8181817809917372,0.8457446807439533,0.6168679391085181,0.6647691333196776,0.5666666666666667,0.7727272727272727,0.6538461538461539
80,ID5_Aud_Cortex_Tursiops_1,Auditory Cortex,20,0.7931034209274682,0.8157829845932939,0.6470002758153615,0.7666666411111119,0.8214285420918378,0.8317598314995748,0.6013259449236764,0.6915211396264337,0.6333333333333333,0.6785714285714286,0.6551724137931034
81,ID5_Aud_Cortex_Tursiops_10,Auditory Cortex,20,0.9387754718867154,0.8600390506108611,0.8073835655782138,0.9583332934027794,0.9199999632000014,0.9155116763892622,0.8335065833621783,0.8399999998532751,0.9583333333333334,0.92,0.9387755102040817
82,ID5_Aud_Cortex_Tursiops_11,Auditory Cortex,20,0.867924495550019,0.8374528416456216,0.7268458351322061,0.8846153505917173,0.8518518203017844,0.8874650168738057,0.7886713101867957,0.7917656372668559,0.8846153846153846,0.8518518518518519,0.8679245283018868
83,ID5_Aud_Cortex_Tursiops_12,Auditory Cortex,20,0.8533333105777784,0.8371930043087523,0.7144046779593439,0.8421052409972306,0.8648648414901394,0.8694817657793038,0.7522015382061975,0.7542087541241067,0.8421052631578947,0.8648648648648649,0.8533333333333334
84,ID5_Aud_Cortex_Tursiops_13,Auditory Cortex,20,0.8888888641975317,0.8717534956717001,0.7748919746278453,0.9142856881632662,0.8648648414901394,0.8897239263121377,0.7963906873127992,0.7963906873127992,0.9428571428571428,0.8918918918918919,0.9166666666666666
85,ID5_Aud_Cortex_Tursiops_14,Auditory Cortex,20,0.8965516932223554,0.8586521954436808,0.7698260797141249,0.8666666377777787,0.9285713954081645,0.8884344146058932,0.7992640526837629,0.7992640526837629,0.9,0.9642857142857143,0.9310344827586207
86,ID5_Aud_Cortex_Tursiops_15,Auditory Cortex,20,0.8307692052071014,0.8428191091087929,0.7001881614076692,0.8437499736328133,0.8181817933884306,0.8760177645377482,0.7519857350053516,0.7519857350053516,0.84375,0.8181818181818182,0.8307692307692308
87,ID5_Aud_Cortex_Tursiops_16,Auditory Cortex,20,0.8627450642060759,0.8494425648568156,0.7328523801567671,0.9166666284722238,0.8148147846364894,0.9196898365466845,0.7264673310380435,0.8111598745064376,0.9583333333333334,0.8518518518518519,0.9019607843137255
88,ID5_Aud_Cortex_Tursiops_2,Auditory Cortex,20,0.867924495550019,0.8451628844604335,0.7335375701529208,0.9199999632000014,0.8214285420918378,0.9078118608664366,0.7114594038140468,0.8081644725916041,0.96,0.8571428571428571,0.9056603773584906
89,ID5_Aud_Cortex_Tursiops_3,Auditory Cortex,20,0.899999970000001,0.8111374334245187,0.7300236657479446,0.9999999629629643,0.8181817933884306,0.8493137157672898,0.6196398871487714,0.6943282582654904,0.9629629629629629,0.7878787878787878,0.8666666666666667
90,ID5_Aud_Cortex_Tursiops_4,Auditory Cortex,20,0.7636363358677696,0.8367298340047811,0.6389573045506581,0.7241379060642101,0.8076922766272201,0.8315478388592955,0.6491481373593491,0.6518688023414387,0.6551724137931034,0.7307692307692307,0.6909090909090909
91,ID5_Aud_Cortex_Tursiops_5,Auditory Cortex,20,0.7714285493877557,0.7818394586279982,0.6031332794235049,0.7941176237024229,0.7499999791666673,0.8499918914076441,0.590788375400957,0.7067072607522181,0.7941176470588235,0.75,0.7714285714285715
92,ID5_Aud_Cortex_Tursiops_6,Auditory Cortex,20,0.7671232666541571,0.8343117289710288,0.6400199389361334,0.7368420858725767,0.7999999771428579,0.80602898546052,0.6517620310106326,0.6519823787921871,0.6842105263157895,0.7428571428571429,0.7123287671232876
93,ID5_Aud_Cortex_Tursiops_7,Auditory Cortex,20,0.8749999635416682,0.8513749826607472,0.7449530787884422,0.9130434385633287,0.8399999664000013,0.935550935478898,0.7204607527941502,0.8322516928848402,0.9565217391304348,0.88,0.9166666666666666
94,ID5_Aud_Cortex_Tursiops_8,Auditory Cortex,20,0.7619047256235845,0.7906460950260809,0.6023969960962047,0.6956521436672981,0.8421052188365674,0.8310187755992646,0.6574498061540243,0.6570324004681457,0.6521739130434783,0.7894736842105263,0.7142857142857143
95,ID5_Aud_Cortex_Tursiops_9,Auditory Cortex,20,0.8421052409972306,0.8583334692700444,0.7228071129956397,0.8421052409972306,0.8421052409972306,0.7786224014288999,0.5724997115500634,0.606279591252644,0.7368421052631579,0.7368421052631579,0.7368421052631579
96,ID52_Aud_Cortex_Tursiops_1,Auditory Cortex,20,0.7272726942148775,0.8461411970042223,0.6153753880314622,0.7619047256235845,0.6956521436672981,0.8972083455247012,0.7347420146698042,0.7661407514255615,0.8095238095238095,0.7391304347826086,0.7727272727272727
97,ID52_Aud_Cortex_Tursiops_10,Auditory Cortex,20,0.8888888559670793,0.8778477399545767,0.7803090732815098,0.8888888559670793,0.8888888559670793,0.9241146710769987,0.8557023642462269,0.8557023642462269,0.9259259259259259,0.9259259259259259,0.9259259259259259
98,ID52_Aud_Cortex_Tursiops_11,Auditory Cortex,20,0.9189188940832732,0.9244712254507175,0.8495140761029817,0.8947368185595574,0.9444444182098773,0.9495472185775362,0.9039408866067384,0.9039408866067384,0.9210526315789473,0.9722222222222222,0.9459459459459459
99,ID52_Aud_Cortex_Tursiops_12,Auditory Cortex,20,0.7619047377173099,0.8716698532109103,0.6641293908867446,0.7058823321799315,0.8275861783590973,0.9048782189332907,0.8195954486953735,0.820248983635639,0.6764705882352942,0.7931034482758621,0.7301587301587301
100,ID52_Aud_Cortex_Tursiops_13,Auditory Cortex,20,0.6415094097543619,0.8643745909479422,0.5545044336456824,0.5312499833984381,0.8095237709750585,0.8388848948926524,0.6159663864806763,0.6777003483412355,0.53125,0.8095238095238095,0.6415094339622641
101,ID52_Aud_Cortex_Tursiops_14,Auditory Cortex,20,0.9333332918518537,0.9145919343698871,0.8536191008066012,0.8749999635416682,0.9999999523809546,0.8993780540982477,0.8171543893406348,0.8171543893406348,0.875,1.0,0.9333333333333333
102,ID52_Aud_Cortex_Tursiops_15,Auditory Cortex,20,0.8767123047476082,0.9119168168735718,0.7994886942593318,0.8421052409972306,0.9142856881632662,0.934084434023952,0.861395685083597,0.861395685083597,0.8421052631578947,0.9142857142857143,0.8767123287671232
103,ID52_Aud_Cortex_Tursiops_16,Auditory Cortex,20,0.9285713954081645,0.8810182169484576,0.8180883150918422,0.8965516932223554,0.9629629272976693,0.9308755759629052,0.8698558905259461,0.8698558905259461,0.896551724137931,0.9629629629629629,0.9285714285714286
104,ID52_Aud_Cortex_Tursiops_2,Auditory Cortex,20,0.6285713926530633,0.8175177654802961,0.5138682803665701,0.6111110771604957,0.6470587854671302,0.7739439887399127,0.6077334628872243,0.6049168113720097,0.7222222222222222,0.7647058823529411,0.7428571428571429
105,ID52_Aud_Cortex_Tursiops_3,Auditory Cortex,20,0.7619046893424106,0.857169570064209,0.6530815149935388,0.8888887901234679,0.6666666111111158,0.912022432207493,0.7643948291631052,0.7676579920894312,0.8888888888888888,0.6666666666666666,0.7619047619047619
106,ID52_Aud_Cortex_Tursiops_4,Auditory Cortex,20,0.9230767810651106,0.8997960264982565,0.8305808197551876,0.857142734693895,0.9999998333333611,0.9221093367575669,0.7849740925863781,0.7849740925863781,0.8571428571428571,1.0,0.9230769230769231
107,ID52_Aud_Cortex_Tursiops_5,Auditory Cortex,20,0.9268292230815013,0.8958581560821997,0.8303075187928914,0.9999999473684238,0.863636324380167,0.9513390636533822,0.7548190733000992,0.7891459073730114,0.9473684210526315,0.8181818181818182,0.8780487804878049
108,ID52_Aud_Cortex_Tursiops_6,Auditory Cortex,20,0.8085106038931658,0.8535462162679327,0.6901011667655129,0.8260869206049165,0.7916666336805569,0.9066197632789719,0.7738506142794628,0.7812589004868614,0.782608695652174,0.75,0.7659574468085106
109,ID52_Aud_Cortex_Tursiops_7,Auditory Cortex,20,0.8888888559670793,0.8587510787780275,0.7633342639754961,0.9599999616000015,0.8275861783590973,0.9323402319233375,0.791109819795554,0.7846778284338226,0.96,0.8275862068965517,0.8888888888888888
110,ID52_Aud_Cortex_Tursiops_8,Auditory Cortex,20,0.9499999525000024,0.855920963429349,0.8131248746016377,0.9499999525000024,0.9499999525000024,0.9435575108807596,0.8931461206822593,0.8931461206822593,0.9,0.9,0.9
111,ID52_Aud_Cortex_Tursiops_9,Auditory Cortex,20,0.7999999200000081,0.8864915014776074,0.709193130262773,0.7272726611570308,0.8888887901234679,0.7460155982549964,0.5949161705814406,0.5949161705814406,0.8181818181818182,1.0,0.9
112,ID53_Aud_Cortex_Tursiops_1,Auditory Cortex,20,0.8799999648000014,0.9270448391008781,0.8157994257767957,0.8461538136094686,0.9166666284722238,0.9435786239805042,0.8625999157877492,0.8625999157877492,0.8461538461538461,0.9166666666666666,0.88
113,ID53_Aud_Cortex_Tursiops_10,Auditory Cortex,20,0.6874999570312527,0.8844942502724623,0.6080897590567079,0.6111110771604957,0.7857142295918408,0.8391631250671521,0.7209563992346114,0.7209563992346114,0.6111111111111112,0.7857142857142857,0.6875
114,ID53_Aud_Cortex_Tursiops_11,Auditory Cortex,20,0.8292682522308169,0.9321422976390682,0.772996013993568,0.7391304026465042,0.9444443919753115,0.9367570626801442,0.7877644893479517,0.7877644893479517,0.6956521739130435,0.8888888888888888,0.7804878048780488
115,ID53_Aud_Cortex_Tursiops_12,Auditory Cortex,20,0.9268292230815013,0.9180527271809903,0.8508780958810107,0.863636324380167,0.9999999473684238,0.884453917142385,0.7915991667679242,0.7915991667679242,0.8636363636363636,1.0,0.926829268292683
116,ID53_Aud_Cortex_Tursiops_13,Auditory Cortex,20,0.7450980099961565,0.8917198694022609,0.6644187001656572,0.655172391200952,0.863636324380167,0.9101086233146692,0.6355682873462707,0.8187682692451599,0.6551724137931034,0.8636363636363636,0.7450980392156863
117,ID53_Aud_Cortex_Tursiops_14,Auditory Cortex,20,0.8108107669832018,0.9014351694150263,0.7308933410990299,0.7142856802721105,0.9374999414062536,0.8941150490345462,0.7464944648069198,0.7641215425079623,0.7142857142857143,0.9375,0.8108108108108109
118,ID53_Aud_Cortex_Tursiops_15,Auditory Cortex,20,0.638297845178815,0.8439693854334974,0.5387038401190902,0.5555555349794246,0.7499999625000018,0.7858120197046824,0.5411764705033448,0.5356392434886634,0.6296296296296297,0.85,0.723404255319149
119,ID53_Aud_Cortex_Tursiops_16,Auditory Cortex,20,0.7272726942148775,0.8973134789677224,0.6525915914041803,0.6153845917159773,0.8888888395061756,0.806612601309528,0.5438959842890466,0.5713760567857644,0.6153846153846154,0.8888888888888888,0.7272727272727273
120,ID53_Aud_Cortex_Tursiops_2,Auditory Cortex,20,0.9047618616780065,0.8915168556119674,0.8066104500008061,0.9047618616780065,0.9047618616780065,0.942397232875988,0.8448889433249615,0.8448889433249615,0.9047619047619048,0.9047619047619048,0.9047619047619048
121,ID53_Aud_Cortex_Tursiops_3,Auditory Cortex,20,0.9310344506539844,0.9199189315562449,0.8564762170876687,0.8709677138397511,0.9999999629629643,0.9450222881976886,0.894804197479549,0.894804197479549,0.8709677419354839,1.0,0.9310344827586207
122,ID53_Aud_Cortex_Tursiops_4,Auditory Cortex,20,0.6999999650000017,0.8932097148296441,0.6252467691184124,0.6999999650000017,0.6999999650000017,0.8961932649417135,0.6759795190699043,0.6491609319510853,0.75,0.75,0.75
123,ID53_Aud_Cortex_Tursiops_5,Auditory Cortex,20,0.6818181508264477,0.8775491692544855,0.5983289518403786,0.599999976000001,0.7894736426592819,0.8850199491743085,0.7341794464362613,0.7586112629161098,0.6,0.7894736842105263,0.6818181818181818
124,ID53_Aud_Cortex_Tursiops_6,Auditory Cortex,20,0.8363636059504143,0.8980741063936467,0.7511164980340863,0.8214285420918378,0.8518518203017844,0.9369225016857916,0.8721127886339253,0.8721127886339253,0.7857142857142857,0.8148148148148148,0.8
125,ID53_Aud_Cortex_Tursiops_7,Auditory Cortex,20,0.7804877668054747,0.8846701554895586,0.6904742340174977,0.7272726942148775,0.8421052188365674,0.949908592263869,0.8597008158590548,0.8597008158590548,0.7727272727272727,0.8947368421052632,0.8292682926829268
126,ID53_Aud_Cortex_Tursiops_8,Auditory Cortex,20,0.7755101724281562,0.8978857340895972,0.6963195204646051,0.6785714043367356,0.9047618616780065,0.8878004233577768,0.787696645830536,0.787696645830536,0.6071428571428571,0.8095238095238095,0.6938775510204082
127,ID53_Aud_Cortex_Tursiops_9,Auditory Cortex,20,0.8260869206049165,0.8626667740754397,0.7126377389041572,0.7599999696000012,0.9047618616780065,0.8850269824894801,0.5741127348229708,0.5741127348229708,0.68,0.8095238095238095,0.7391304347826086
128,ID55_Cerebellum_Chimpanzee_1,Cerebellum,20,0.8124999873046878,0.8775559676707736,0.7130142125916565,0.7647058711072666,0.8666666522222225,0.8772739613849257,0.7545411652801909,0.7651569613269642,0.7794117647058824,0.8833333333333333,0.828125
129,ID55_Cerebellum_Chimpanzee_10,Cerebellum,20,0.9134328330942304,0.8648199932906783,0.7899549765880376,0.92727272446281,0.8999999973529412,0.88930408616691,0.784608770387592,0.7894142676918321,0.9151515151515152,0.888235294117647,0.9014925373134328
130,ID55_Cerebellum_Chimpanzee_11,Cerebellum,20,0.8966666636777778,0.8705232086073939,0.780569141116066,0.8848684181418802,0.9087837807135684,0.8841986999201723,0.7756072302402746,0.783795390524226,0.8486842105263158,0.8716216216216216,0.86
131,ID55_Cerebellum_Chimpanzee_12,Cerebellum,20,0.9051580668713541,0.8750892540361523,0.792094097523259,0.9036544820476595,0.9066666636444445,0.8852346693840031,0.7792395614285402,0.7823860967222928,0.7973421926910299,0.8,0.7986688851913477
132,ID55_Cerebellum_Chimpanzee_13,Cerebellum,20,0.8818635577974591,0.8523277453804956,0.7516367779507307,0.8862876224538876,0.877483440803035,0.8625942608213322,0.7235344458398145,0.7382010116235671,0.7959866220735786,0.7880794701986755,0.7920133111480865
133,ID55_Cerebellum_Chimpanzee_14,Cerebellum,20,0.9128205096997589,0.8692617658586999,0.7934799681736509,0.9081632622171317,0.9175257700428667,0.8850403911899862,0.7688561024840944,0.7771642578970969,0.8605442176870748,0.8694158075601375,0.864957264957265
134,ID55_Cerebellum_Chimpanzee_15,Cerebellum,20,0.9168356960777456,0.8760767645663657,0.8032184502587432,0.9003984027872574,0.9338842936616352,0.8904131440137051,0.7802519117869854,0.7931922196342567,0.8804780876494024,0.9132231404958677,0.896551724137931
135,ID55_Cerebellum_Chimpanzee_16,Cerebellum,20,0.9203187214329932,0.8798102554269889,0.8097058493782016,0.9352226682784508,0.9058823493886967,0.8783655465776835,0.7544796236188762,0.7646073184819951,0.9230769230769231,0.8941176470588236,0.9083665338645418
136,ID55_Cerebellum_Chimpanzee_2,Cerebellum,20,0.806722675517266,0.8899464276977856,0.7179399632193907,0.7741935359001043,0.8421052483841185,0.8834454518219182,0.7817758217988899,0.7828184068853059,0.7580645161290323,0.8245614035087719,0.7899159663865546
137,ID55_Cerebellum_Chimpanzee_3,Cerebellum,20,0.8387096503642048,0.8889992455714285,0.7456122464272547,0.8387096503642048,0.8387096503642048,0.8456276574513537,0.7180533749707839,0.7303262953517831,0.8064516129032258,0.8064516129032258,0.8064516129032258
138,ID55_Cerebellum_Chimpanzee_4,Cerebellum,20,0.7407406858710603,0.7847011130281496,0.581260040668256,0.6666666222222252,0.8333332638888947,0.7767277020742092,0.5646950089811946,0.5646950089811946,0.6666666666666666,0.8333333333333334,0.7407407407407407
139,ID55_Cerebellum_Chimpanzee_5,Cerebellum,20,0.8540706578984004,0.8662881912454661,0.7398713254266306,0.8527607335804885,0.8553846127526628,0.8546660130329816,0.7139639639330404,0.7308533916522639,0.8282208588957055,0.8307692307692308,0.8294930875576036
140,ID55_Cerebellum_Chimpanzee_6,Cerebellum,20,0.900445762554396,0.87053618346959,0.7838706175554686,0.9099099071774477,0.891176467967128,0.8807813146720382,0.7568135935078729,0.7702423040109406,0.8618618618618619,0.8441176470588235,0.8528974739970282
141,ID55_Cerebellum_Chimpanzee_7,Cerebellum,20,0.9085271289658073,0.8627757626884474,0.7838551866166198,0.9127725828262536,0.9043209848632069,0.8881029525649591,0.7811994826713062,0.7848823002042485,0.8598130841121495,0.8518518518518519,0.8558139534883721
142,ID55_Cerebellum_Chimpanzee_8,Cerebellum,20,0.8898305047041081,0.8835384447179084,0.7861994601888191,0.8606557341776404,0.9210526275392429,0.8769647696212898,0.7561675272124254,0.7712944689972108,0.8688524590163934,0.9298245614035088,0.8983050847457628
143,ID55_Cerebellum_Chimpanzee_9,Cerebellum,20,0.879858654134775,0.8570849082810438,0.7541135738793863,0.8645833303313079,0.8956834500155272,0.8552903536098052,0.7275409994326573,0.7359186080440421,0.8263888888888888,0.8561151079136691,0.8409893992932862
144,ID60_Hippocampus_Mouse_1,Hippocampus,20,0.99999990000001,0.8795250128409436,0.8795249248884512,0.99999990000001,0.99999990000001,0.9481834419605816,0.9014722526597143,0.9014722526597143,1.0,1.0,1.0
145,ID60_Hippocampus_Mouse_10,Hippocampus,20,0.7999999822222227,0.8745132696416967,0.6996106001664553,0.7346938625572681,0.8780487590719815,0.822597778771357,0.6531496671330831,0.6790984270019298,0.6938775510204082,0.8292682926829268,0.7555555555555555
146,ID60_Hippocampus_Mouse_11,Hippocampus,20,0.9108910710714639,0.9043261556278306,0.823742620497774,0.9199999816000004,0.9019607666282203,0.9223235392669433,0.8514928871578095,0.8514928871578095,0.9,0.8823529411764706,0.8910891089108911
147,ID60_Hippocampus_Mouse_12,Hippocampus,20,0.9462365387906121,0.8980608712486885,0.8497780104336405,0.9565217183364845,0.9361701928474427,0.929203539783475,0.8677685949723642,0.8677685949723642,0.9130434782608695,0.8936170212765957,0.9032258064516129
148,ID60_Hippocampus_Mouse_13,Hippocampus,20,0.8571428435374152,0.8937582819889618,0.7660785152591337,0.8181818057851242,0.8999999850000003,0.9174797525375461,0.8071829404709774,0.8175601274518945,0.8484848484848485,0.9333333333333333,0.8888888888888888
149,ID60_Hippocampus_Mouse_14,Hippocampus,20,0.8376068232887723,0.8564421365587864,0.717361777333654,0.8448275716409039,0.8305084604998566,0.9131673251581007,0.7820111434979033,0.7915386303340902,0.7758620689655172,0.7627118644067796,0.7692307692307693
150,ID60_Hippocampus_Mouse_15,Hippocampus,20,0.8235293923875437,0.8869123278269078,0.7303983704363154,0.8139534694429427,0.833333313492064,0.9349254836186742,0.7912648441227971,0.818839969625487,0.8372093023255814,0.8571428571428571,0.8470588235294118
151,ID60_Hippocampus_Mouse_16,Hippocampus,20,0.8737863908002643,0.8773155133288159,0.7665863559846672,0.8653845987426039,0.882352923875433,0.9297052153880359,0.8133483491901281,0.8471492872688704,0.8461538461538461,0.8627450980392157,0.8543689320388349
152,ID60_Hippocampus_Mouse_2,Hippocampus,20,0.7499999531250029,0.8401772285446352,0.6301328820251713,0.8571427959183717,0.6666666296296316,0.8502458648710705,0.4636408003150088,0.5125084515410168,0.7142857142857143,0.5555555555555556,0.625
153,ID60_Hippocampus_Mouse_3,Hippocampus,20,0.6470588044982705,0.8144032388051543,0.5269667860807826,0.8148147846364894,0.5365853527662109,0.8816788894420613,0.4471010361675631,0.5041118825772338,0.8518518518518519,0.5609756097560976,0.6764705882352942
154,ID60_Hippocampus_Mouse_4,Hippocampus,20,0.8596491077254543,0.8575939430515703,0.7372298679350365,0.9074073906035669,0.8166666530555559,0.9274848380865289,0.720268643454341,0.7153176193849686,0.8888888888888888,0.8,0.8421052631578947
155,ID60_Hippocampus_Mouse_5,Hippocampus,20,0.8421052483841185,0.8840611423613639,0.7444725278749639,0.8888888724279839,0.7999999866666669,0.9290437536937429,0.6432525185253168,0.7266605134267713,0.8518518518518519,0.7666666666666667,0.8070175438596491
156,ID60_Hippocampus_Mouse_6,Hippocampus,20,0.8529411639273359,0.8407794441752079,0.7171353977209803,0.906249985839844,0.8055555443672842,0.93424622552692,0.6940400527474747,0.7350538587008818,0.890625,0.7916666666666666,0.8382352941176471
157,ID60_Hippocampus_Mouse_7,Hippocampus,20,0.8380952221315197,0.8849947090119364,0.7417098372345785,0.8799999824000004,0.7999999854545458,0.9356554610250937,0.7005720777092315,0.7553796568037074,0.84,0.7636363636363637,0.8
158,ID60_Hippocampus_Mouse_8,Hippocampus,20,0.8767123047476082,0.8411092696943774,0.7374108463783352,0.8888888641975317,0.8648648414901394,0.9068028188944771,0.730053884887302,0.7424973372130507,0.8888888888888888,0.8648648648648649,0.8767123287671232
159,ID60_Hippocampus_Mouse_9,Hippocampus,20,0.8536585157644265,0.8753931706130278,0.7472868347358327,0.8536585157644265,0.8536585157644265,0.8311032566484343,0.6849171385179531,0.6851733672228943,0.8292682926829268,0.8292682926829268,0.8292682926829268
160,ID62_Visual_Cortex_Chimpanzee_1,Visual Cortex,20,0.6896551248513707,0.9028961073604179,0.6226869276494656,0.5263157617728547,0.99999990000001,0.8154246709721044,0.6785967398206241,0.6785967398206241,0.5263157894736842,1.0,0.6896551724137931
161,ID62_Visual_Cortex_Chimpanzee_10,Visual Cortex,20,0.7999999200000081,0.8765716658113152,0.701257262523326,0.6666666111111158,0.9999998750000157,0.7059005250685974,0.5454762471841784,0.5454762471841784,0.6666666666666666,1.0,0.8
162,ID62_Visual_Cortex_Chimpanzee_11,Visual Cortex,20,0.7999999360000052,0.911481248703922,0.7291849406283424,0.7142856632653098,0.9090908264462886,0.8969525158825689,0.7639704962165307,0.7639704962165307,0.7857142857142857,1.0,0.88
163,ID62_Visual_Cortex_Chimpanzee_12,Visual Cortex,20,0.9333332088889055,0.9225253255337832,0.861023522361728,0.8749998906250137,0.9999998571428775,0.9408137044162044,0.8882419536004784,0.8882419536004784,0.875,1.0,0.9333333333333333
164,ID62_Visual_Cortex_Chimpanzee_13,Visual Cortex,20,0.8205127784352421,0.8895577372282256,0.7298934905516984,0.7272726942148775,0.9411764152249167,0.8737700864833735,0.7758363332359437,0.7758363332359437,0.7272727272727273,0.9411764705882353,0.8205128205128205
165,ID62_Visual_Cortex_Chimpanzee_14,Visual Cortex,20,0.6341463105294483,0.8594164392292358,0.5449957641455757,0.5416666440972231,0.7647058373702448,0.8626985472351648,0.6784401613017983,0.6861418222754344,0.5833333333333334,0.8235294117647058,0.6829268292682927
166,ID62_Visual_Cortex_Chimpanzee_15,Visual Cortex,20,0.8387096233090566,0.8833651016291382,0.740886811631741,0.8124999492187531,0.8666666088888928,0.9326463010244458,0.6889145653035469,0.7750918741710827,0.8125,0.8666666666666667,0.8387096774193549
167,ID62_Visual_Cortex_Chimpanzee_16,Visual Cortex,20,0.6249999218750099,0.8237980434950836,0.5148737128252132,0.499999950000005,0.8333331944444675,0.752633684390901,0.5613158441471339,0.5613158441471339,0.5,0.8333333333333334,0.625
168,ID62_Visual_Cortex_Chimpanzee_2,Visual Cortex,20,0.9387754718867154,0.858045467137249,0.8055120383120281,0.8846153505917173,0.999999956521741,0.8935907335447315,0.8036211698418179,0.8036211698418179,0.8461538461538461,0.9565217391304348,0.8979591836734694
169,ID62_Visual_Cortex_Chimpanzee_3,Visual Cortex,20,0.8648648181154152,0.924715278687279,0.799753711310419,0.799999960000002,0.9411764152249167,0.9452124357645313,0.853225143708584,0.8820218752381839,0.8,0.9411764705882353,0.8648648648648649
170,ID62_Visual_Cortex_Chimpanzee_4,Visual Cortex,20,0.816326497292796,0.913040484587389,0.7453391406697404,0.7407407133058995,0.9090908677685968,0.9183984663913911,0.7493778883221203,0.792922980722315,0.7037037037037037,0.8636363636363636,0.7755102040816326
171,ID62_Visual_Cortex_Chimpanzee_5,Visual Cortex,20,0.5217390850661665,0.8888548676542952,0.4637503254065605,0.37499997656250145,0.857142734693895,0.749370032879495,0.5436864152388261,0.5436864152388261,0.375,0.8571428571428571,0.5217391304347826
172,ID62_Visual_Cortex_Chimpanzee_6,Visual Cortex,20,0.8799999296000057,0.8840416688967597,0.7779566063926201,0.7857142295918408,0.9999999090909174,0.9030515797391945,0.8232397832566174,0.8232397832566174,0.7857142857142857,1.0,0.88
173,ID62_Visual_Cortex_Chimpanzee_7,Visual Cortex,20,0.8421052188365674,0.8949721232577925,0.7536606957086307,0.8421052188365674,0.8421052188365674,0.932907740412933,0.8337553670776444,0.8671633236828465,0.7894736842105263,0.7894736842105263,0.7894736842105263
174,ID62_Visual_Cortex_Chimpanzee_8,Visual Cortex,20,0.6666666349206364,0.9156541591118692,0.6104360770061948,0.6363636074380178,0.6999999650000017,0.8795147197462566,0.6583116773695773,0.7173850711347237,0.5454545454545454,0.6,0.5714285714285714
175,ID62_Visual_Cortex_Chimpanzee_9,Visual Cortex,20,0.5925925486968483,0.8376979754335798,0.49641357830037486,0.5714285306122479,0.615384568047341,0.8998697188814564,0.6701316700387897,0.6954875353904247,0.6428571428571429,0.6923076923076923,0.6666666666666666
176,ID63_Visual_Cortex_Chimpanzee_1,Visual Cortex,20,0.8333332870370396,0.893998994359639,0.7449991205775258,0.7142856802721105,0.9999999333333378,0.9213767318604917,0.8542155162754393,0.8542155162754393,0.7142857142857143,1.0,0.8333333333333334
177,ID63_Visual_Cortex_Chimpanzee_10,Visual Cortex,20,0.9729729203798421,0.8865783370963687,0.8626167137901579,0.9473683711911383,0.9999999444444475,0.9455892325658308,0.8926737755832668,0.8926737755832668,0.8947368421052632,0.9444444444444444,0.918918918918919
178,ID63_Visual_Cortex_Chimpanzee_11,Visual Cortex,20,0.7692307297830394,0.9192846626454043,0.7071420119250795,0.6521738846880919,0.9374999414062536,0.8800437995685714,0.7857841219411631,0.7857841219411631,0.6956521739130435,1.0,0.8205128205128205
179,ID63_Visual_Cortex_Chimpanzee_12,Visual Cortex,20,0.8999999550000022,0.8837998649252452,0.7954198386617287,0.8181817809917372,0.9999999444444475,0.8537368678431366,0.7418223190725493,0.7418223190725493,0.8181818181818182,1.0,0.9
180,ID63_Visual_Cortex_Chimpanzee_13,Visual Cortex,20,0.699999930000007,0.8796221108320719,0.6157354160089088,0.5384614970414233,0.9999998571428775,0.8279536836942357,0.7064172056816895,0.7064172056816895,0.5384615384615384,1.0,0.7
181,ID63_Visual_Cortex_Chimpanzee_14,Visual Cortex,20,0.8717948270874447,0.9309958271724215,0.8116373461689137,0.8499999575000021,0.8947367950138528,0.9039238448616705,0.8246907303148033,0.8246907303148033,0.85,0.8947368421052632,0.8717948717948718
182,ID63_Visual_Cortex_Chimpanzee_15,Visual Cortex,20,0.7499999687500013,0.9099190006335347,0.6824392220401835,0.6923076656804744,0.8181817809917372,0.8772564942577536,0.7754712063949039,0.7754712063949039,0.6923076923076923,0.8181818181818182,0.75
183,ID63_Visual_Cortex_Chimpanzee_16,Visual Cortex,20,0.8484847970615274,0.9186673206115205,0.779475255096123,0.7368420664819965,0.9999999285714337,0.8994962525556275,0.8173495589128782,0.8173495589128782,0.7368421052631579,1.0,0.8484848484848485
184,ID63_Visual_Cortex_Chimpanzee_2,Visual Cortex,20,0.8333332870370396,0.8833591340384449,0.7361325708024501,0.7142856802721105,0.9999999333333378,0.8841337957272274,0.7923295753037267,0.7923295753037267,0.7142857142857143,1.0,0.8333333333333334
185,ID63_Visual_Cortex_Chimpanzee_3,Visual Cortex,20,0.8387096233090566,0.8542213692825891,0.7164436828535469,0.7647058373702448,0.9285713622449028,0.8576817766438891,0.6851380457523851,0.6995863494622971,0.7058823529411765,0.8571428571428571,0.7741935483870968
186,ID63_Visual_Cortex_Chimpanzee_4,Visual Cortex,20,0.8499999575000021,0.873856710051568,0.7427781664049244,0.7727272376033073,0.9444443919753115,0.869679172893769,0.7653157398024748,0.7653157398024748,0.7727272727272727,0.9444444444444444,0.85
187,ID63_Visual_Cortex_Chimpanzee_5,Visual Cortex,20,0.8846153505917173,0.8896487832617641,0.7869969703086002,0.8846153505917173,0.8846153505917173,0.9296335418489626,0.773443310068728,0.8013758781614918,0.8076923076923077,0.8076923076923077,0.8076923076923077
188,ID63_Visual_Cortex_Chimpanzee_6,Visual Cortex,20,0.9166665902777842,0.9281890001557218,0.8508398459060912,0.8461537810650938,0.9999999090909174,0.9358436944272935,0.8794231538417114,0.8794231538417114,0.8461538461538461,1.0,0.9166666666666666
189,ID63_Visual_Cortex_Chimpanzee_7,Visual Cortex,20,0.8108107669832018,0.8605121045866905,0.6977124795182637,0.7142856802721105,0.9374999414062536,0.8532341444424894,0.7440351840853177,0.7440351840853177,0.7142857142857143,0.9375,0.8108108108108109
190,ID63_Visual_Cortex_Chimpanzee_8,Visual Cortex,20,0.8148147846364894,0.9039187970506241,0.7365263999476788,0.7333333088888897,0.9166666284722238,0.8935821201191887,0.8024244215535202,0.8024244215535202,0.7333333333333333,0.9166666666666666,0.8148148148148148
191,ID63_Visual_Cortex_Chimpanzee_9,Visual Cortex,20,0.6808510348574027,0.8764261002201366,0.5967156173109177,0.5925925706447196,0.799999960000002,0.817427182041484,0.6124179632318842,0.6221018245062464,0.5925925925925926,0.8,0.6808510638297872
192,ID64_Visual_Cortex_Chimpanzee_1,Visual Cortex,20,0.9411764152249167,0.8743132416548499,0.822883002564388,0.8888888395061756,0.9999999375000038,0.9478895588100356,0.9009411195824154,0.9009411195824154,0.8888888888888888,1.0,0.9411764705882353
193,ID64_Visual_Cortex_Chimpanzee_10,Visual Cortex,20,0.878787852157944,0.908792032290213,0.7986353981145692,0.8055555331790131,0.9666666344444454,0.8983166826023568,0.8097832816836047,0.8097832816836047,0.7777777777777778,0.9333333333333333,0.8484848484848485
194,ID64_Visual_Cortex_Chimpanzee_11,Visual Cortex,20,0.8571428163265326,0.9317431209320993,0.7986369227686126,0.8181817809917372,0.8999999550000022,0.9038056452322331,0.7736196810021941,0.8240266392739048,0.7727272727272727,0.85,0.8095238095238095
195,ID64_Visual_Cortex_Chimpanzee_12,Visual Cortex,20,0.7906976376419703,0.9097995663189818,0.719376367816108,0.679999972800001,0.9444443919753115,0.9001175087671732,0.8183760683000394,0.8183760683000394,0.72,1.0,0.8372093023255814
196,ID64_Visual_Cortex_Chimpanzee_13,Visual Cortex,20,0.8421052188365674,0.8850042684071708,0.7452667131183168,0.7619047256235845,0.9411764152249167,0.8598760235050221,0.754195193884522,0.754195193884522,0.7619047619047619,0.9411764705882353,0.8421052631578947
197,ID64_Visual_Cortex_Chimpanzee_14,Visual Cortex,20,0.9333332918518537,0.9080009136793629,0.8474674817688506,0.9130434385633287,0.9545454111570267,0.9575859002689406,0.9178535605899846,0.9178535605899846,0.9130434782608695,0.9545454545454546,0.9333333333333333
198,ID64_Visual_Cortex_Chimpanzee_15,Visual Cortex,20,0.867924495550019,0.9165062295050114,0.795458206911587,0.8518518203017844,0.8846153505917173,0.945316598694648,0.8357953328455152,0.8672946495201737,0.8888888888888888,0.9230769230769231,0.9056603773584906
199,ID64_Visual_Cortex_Chimpanzee_16,Visual Cortex,20,0.8399999664000013,0.9263395792383041,0.7781252154351668,0.7777777489711944,0.9130434385633287,0.9065257199556132,0.8290325035526351,0.8290325035526351,0.7777777777777778,0.9130434782608695,0.84
200,ID64_Visual_Cortex_Chimpanzee_2,Visual Cortex,20,0.5199999792000009,0.8909887125596108,0.46331411199843314,0.46428569770408223,0.590909064049588,0.820794033734328,0.5803855958747303,0.628359674914871,0.5,0.6363636363636364,0.56
201,ID64_Visual_Cortex_Chimpanzee_3,Visual Cortex,20,0.6829267959547904,0.9019676909427184,0.6159779052302514,0.5833333090277788,0.8235293633218022,0.8354660866503735,0.6656726041214095,0.6786381388454205,0.5416666666666666,0.7647058823529411,0.6341463414634146
202,ID64_Visual_Cortex_Chimpanzee_4,Visual Cortex,20,0.7407406858710603,0.855107363446615,0.6334128148928396,0.6666666222222252,0.8333332638888947,0.8748037969299047,0.6634920634168376,0.674468085021969,0.6,0.75,0.6666666666666666
203,ID64_Visual_Cortex_Chimpanzee_5,Visual Cortex,20,0.7999999680000013,0.8844511832262628,0.7075609182785735,0.7692307396449716,0.8333332986111125,0.9112346701009016,0.7531798316643937,0.7460066096980166,0.7307692307692307,0.7916666666666666,0.76
204,ID64_Visual_Cortex_Chimpanzee_6,Visual Cortex,20,0.7499999625000018,0.8696577795669084,0.6522433020630161,0.6521738846880919,0.8823528892733594,0.8009983563157608,0.6531969816666802,0.6667004869453429,0.6521739130434783,0.8823529411764706,0.75
205,ID64_Visual_Cortex_Chimpanzee_7,Visual Cortex,20,0.6451612486992743,0.8882548676141742,0.5730676195531692,0.5555555246913597,0.7692307100591762,0.713454480287042,0.5545505148128931,0.5545505148128931,0.5,0.6923076923076923,0.5806451612903226
206,ID64_Visual_Cortex_Chimpanzee_8,Visual Cortex,20,0.6857142465306144,0.9180002547306929,0.6294858529875692,0.7058823114186875,0.6666666296296316,0.9319297133978209,0.7465128074123113,0.7433420724791856,0.8235294117647058,0.7777777777777778,0.8
207,ID64_Visual_Cortex_Chimpanzee_9,Visual Cortex,20,0.7317072813801325,0.8839946239159258,0.6468253030201747,0.6249999739583344,0.8823528892733594,0.8105184417509339,0.6302045943440232,0.6312183216978394,0.5833333333333334,0.8235294117647058,0.6829268292682927
208,ID65_Visual_Cortex_Chimpanzee_1,Visual Cortex,20,0.7407406858710603,0.8917842607191745,0.6605808849341378,0.6249999609375024,0.9090908264462886,0.8708025799008708,0.7100412057351939,0.7701271185534219,0.625,0.9090909090909091,0.7407407407407407
209,ID65_Visual_Cortex_Chimpanzee_10,Visual Cortex,20,0.7199999424000046,0.8604284880207059,0.6195084618142314,0.6428570969387788,0.8181817438016598,0.9139176263313217,0.8381772514246887,0.8381772514246887,0.7142857142857143,0.9090909090909091,0.8
210,ID65_Visual_Cortex_Chimpanzee_11,Visual Cortex,20,0.7777776913580343,0.8831790149850971,0.6869169353309716,0.636363578512402,0.9999998571428775,0.921163310879538,0.8398090219229817,0.8398090219229817,0.6363636363636364,1.0,0.7777777777777778
211,ID65_Visual_Cortex_Chimpanzee_12,Visual Cortex,20,0.7368420277008393,0.9540164557147113,0.7029594196887958,0.5833332847222263,0.9999998571428775,0.8122817826235077,0.6839010892817048,0.6839010892817048,0.5833333333333334,1.0,0.7368421052631579
212,ID65_Visual_Cortex_Chimpanzee_13,Visual Cortex,20,0.6470587854671302,0.8863664909476164,0.5735312251113268,0.49999997727272827,0.9166665902777842,0.8233310338910607,0.6935358254551485,0.6935358254551485,0.5,0.9166666666666666,0.6470588235294118
213,ID65_Visual_Cortex_Chimpanzee_14,Visual Cortex,20,0.7878787401285612,0.9087261870084549,0.7159660433420527,0.6499999675000016,0.9999999230769291,0.882588360051951,0.7898506946759428,0.7898506946759428,0.65,1.0,0.7878787878787878
214,ID65_Visual_Cortex_Chimpanzee_15,Visual Cortex,20,0.8888887901234679,0.8637823501249364,0.7678064481325605,0.8888887901234679,0.8888887901234679,0.9028433982559193,0.8228938301248209,0.8228938301248209,0.7777777777777778,0.7777777777777778,0.7777777777777778
215,ID65_Visual_Cortex_Chimpanzee_16,Visual Cortex,20,0.857142734693895,0.9382521441125851,0.8042160086370717,0.7499999062500118,0.9999998333333611,0.9509343240136668,0.9064583331444878,0.9064583331444878,0.75,1.0,0.8571428571428571
216,ID65_Visual_Cortex_Chimpanzee_2,Visual Cortex,20,0.7647058373702448,0.9295660558049402,0.7108445890952725,0.7647058373702448,0.7647058373702448,0.9639018454185813,0.9216679656155818,0.9216679656155818,0.8823529411764706,0.8823529411764706,0.8823529411764706
217,ID65_Visual_Cortex_Chimpanzee_3,Visual Cortex,20,0.7692307297830394,0.8858781944502331,0.681444730015834,0.6818181508264477,0.8823528892733594,0.8689116054799211,0.7682083997056662,0.7682083997056662,0.6363636363636364,0.8235294117647058,0.717948717948718
218,ID65_Visual_Cortex_Chimpanzee_4,Visual Cortex,20,0.8484847970615274,0.8404874583932602,0.7131408305675643,0.8235293633218022,0.8749999453125034,0.9111750386850553,0.7333475813397914,0.724677505478614,0.7058823529411765,0.75,0.7272727272727273
219,ID65_Visual_Cortex_Chimpanzee_5,Visual Cortex,20,0.9411764152249167,0.9008039206698322,0.8478154048765829,0.9411764152249167,0.9411764152249167,0.932260754356587,0.8319180599814481,0.8626770213921721,0.9411764705882353,0.9411764705882353,0.9411764705882353
220,ID65_Visual_Cortex_Chimpanzee_6,Visual Cortex,20,0.7878787401285612,0.8674868180617359,0.6834744212926148,0.684210490304711,0.9285713622449028,0.8765103165700161,0.7647895023767316,0.7647895023767316,0.631578947368421,0.8571428571428571,0.7272727272727273
221,ID65_Visual_Cortex_Chimpanzee_7,Visual Cortex,20,0.8571427755102119,0.9037590519324875,0.7746505421658901,0.8181817438016598,0.8999999100000091,0.9069746619297184,0.8264922320807044,0.8264922320807044,0.8181818181818182,0.9,0.8571428571428571
222,ID65_Visual_Cortex_Chimpanzee_8,Visual Cortex,20,0.8108107669832018,0.8866482745701653,0.7189039675485681,0.7499999625000018,0.8823528892733594,0.9310000996644231,0.8709075645116213,0.8709075645116213,0.85,1.0,0.918918918918919
223,ID65_Visual_Cortex_Chimpanzee_9,Visual Cortex,20,0.8823528892733594,0.8303982585504723,0.7327043026795754,0.7894736426592819,0.9999999333333378,0.9116138365834793,0.836917129640382,0.836917129640382,0.7894736842105263,1.0,0.8823529411764706
224,ID66_Visual_Cortex_Macaque_1,Visual Cortex,20,0.7586206373365079,0.8674805381088957,0.6580886386971873,0.7333332844444478,0.7857142295918408,0.8537431828744221,0.6899131595604658,0.7098050295691148,0.7333333333333333,0.7857142857142857,0.7586206896551724
225,ID66_Visual_Cortex_Macaque_10,Visual Cortex,20,0.6956521134215554,0.8961909831139407,0.6234371514325544,0.7999999200000081,0.615384568047341,0.7817798735043865,0.6417394167943107,0.6417394167943107,0.9,0.6923076923076923,0.782608695652174
226,ID66_Visual_Cortex_Macaque_11,Visual Cortex,20,0.7586206373365079,0.8019520222178563,0.6083773542082115,0.7857142295918408,0.7333332844444478,0.882009869830865,0.7889245584819523,0.7889245584819523,0.9285714285714286,0.8666666666666667,0.896551724137931
227,ID66_Visual_Cortex_Macaque_12,Visual Cortex,20,0.7407406858710603,0.8998353390589822,0.6665446462255686,0.7692307100591762,0.7142856632653098,0.859025032862624,0.7528868359117957,0.7528868359117957,0.7692307692307693,0.7142857142857143,0.7407407407407407
228,ID66_Visual_Cortex_Macaque_13,Visual Cortex,20,0.7407406858710603,0.880436614632801,0.6521752217890955,0.7692307100591762,0.7142856632653098,0.871575342416006,0.7682680661315837,0.7682680661315837,0.6153846153846154,0.5714285714285714,0.5925925925925926
229,ID66_Visual_Cortex_Macaque_14,Visual Cortex,20,0.8799999296000057,0.8913672932355791,0.7844031552950572,0.8461537810650938,0.9166665902777842,0.9454963722398251,0.895672592939337,0.895672592939337,0.8461538461538461,0.9166666666666666,0.88
230,ID66_Visual_Cortex_Macaque_15,Visual Cortex,20,0.7368420664819965,0.8649531445160618,0.6373338624153159,0.8749999453125034,0.6363636074380178,0.8989226485353514,0.7014925372471668,0.7738887695110706,0.9375,0.6818181818181818,0.7894736842105263
231,ID66_Visual_Cortex_Macaque_16,Visual Cortex,20,0.9166665902777842,0.8672851384079755,0.795011310623035,0.9999999090909174,0.8461537810650938,0.9284149653089971,0.8663941126956018,0.8663941126956018,1.0,0.8461538461538461,0.9166666666666666
232,ID66_Visual_Cortex_Macaque_2,Visual Cortex,20,0.6666666111111158,0.8638717583603946,0.575914457580725,0.6666666111111158,0.6666666111111158,0.8606109649139579,0.7550150895162409,0.7550150895162409,0.9166666666666666,0.9166666666666666,0.9166666666666666
233,ID66_Visual_Cortex_Macaque_3,Visual Cortex,20,0.8387096233090566,0.872121351006469,0.7314565697824212,0.9285713622449028,0.7647058373702448,0.8784416298954817,0.7122109260739347,0.7357228195058874,0.8571428571428571,0.7058823529411765,0.7741935483870968
234,ID66_Visual_Cortex_Macaque_4,Visual Cortex,20,0.6666665555555741,0.8494159812179412,0.5662772264324231,0.57142848979593,0.799999840000032,0.7922011286485032,0.6559048426349746,0.6559048426349746,0.5714285714285714,0.8,0.6666666666666666
235,ID66_Visual_Cortex_Macaque_5,Visual Cortex,20,0.896551662306782,0.8556334483279915,0.7671195904237448,0.8666666088888928,0.9285713622449028,0.9138522138074365,0.8413700468984056,0.8413700468984056,0.8666666666666667,0.9285714285714286,0.896551724137931
236,ID66_Visual_Cortex_Macaque_6,Visual Cortex,20,0.47619043083900664,0.8774367039982104,0.41782696211086573,0.499999950000005,0.4545454132231443,0.815310555264141,0.6875371506464162,0.6875371506464162,0.6,0.5454545454545454,0.5714285714285714
237,ID66_Visual_Cortex_Macaque_7,Visual Cortex,20,0.636363578512402,0.8714090995398439,0.554533012931445,0.636363578512402,0.636363578512402,0.7859755753961407,0.4165883967620411,0.44580960126559727,0.5454545454545454,0.5454545454545454,0.5454545454545454
238,ID66_Visual_Cortex_Macaque_8,Visual Cortex,20,0.7096773735692017,0.8617066155949283,0.6115336877426144,0.6874999570312527,0.7333332844444478,0.8926547573591314,0.7225062749165654,0.7225062749165654,0.8125,0.8666666666666667,0.8387096774193549
239,ID66_Visual_Cortex_Macaque_9,Visual Cortex,20,0.8571427755102119,0.8209977434818047,0.7037122845356151,0.9999998888889013,0.7499999375000053,0.901172833812058,0.8201224555981925,0.8201224555981925,1.0,0.75,0.8571428571428571
240,ID67_Visual_Cortex_Macaque_1,Visual Cortex,20,0.7999999360000052,0.9370799074390156,0.7496638659781033,0.7142856632653098,0.9090908264462886,0.9293451899256618,0.82735867630221,0.82735867630221,0.7142857142857143,0.9090909090909091,0.8
241,ID67_Visual_Cortex_Macaque_10,Visual Cortex,20,0.8888888395061756,0.889556340903039,0.7907167035406623,0.9411764152249167,0.8421052188365674,0.9560161305000461,0.7429759906047598,0.7595709570330387,0.9411764705882353,0.8421052631578947,0.8888888888888888
242,ID67_Visual_Cortex_Macaque_11,Visual Cortex,20,0.799999840000032,0.8946630864651325,0.7157303260260408,0.9999997500000625,0.6666665555555741,0.8965400842368708,0.8124808807548238,0.8124808807548238,1.0,0.6666666666666666,0.8
243,ID67_Visual_Cortex_Macaque_12,Visual Cortex,20,0.7692307100591762,0.7894135332422295,0.6072411327062434,0.8333332638888947,0.7142856632653098,0.8569731930050073,0.684722023626594,0.684722023626594,0.75,0.6428571428571429,0.6923076923076923
244,ID67_Visual_Cortex_Macaque_13,Visual Cortex,20,0.8571427755102119,0.9207671995824099,0.7892289530488321,0.8181817438016598,0.8999999100000091,0.9554296970405131,0.907169693032691,0.907169693032691,0.9090909090909091,1.0,0.9523809523809523
245,ID67_Visual_Cortex_Macaque_14,Visual Cortex,20,0.8333332870370396,0.8941426949789862,0.7451188710869957,0.8333332870370396,0.8333332870370396,0.87735035358074,0.776949013918775,0.776949013918775,0.7777777777777778,0.7777777777777778,0.7777777777777778
246,ID67_Visual_Cortex_Macaque_15,Visual Cortex,20,0.8749998906250137,0.87796432115365,0.7682186849821081,0.9999998571428775,0.7777776913580343,0.8827454717377271,0.790102388853782,0.790102388853782,1.0,0.7777777777777778,0.875
247,ID67_Visual_Cortex_Macaque_16,Visual Cortex,20,0.7058823114186875,0.8712247303332862,0.6149821264127827,0.7058823114186875,0.7058823114186875,0.8856221311942921,0.6616215173371617,0.6851677641177832,0.7058823529411765,0.7058823529411765,0.7058823529411765
248,ID67_Visual_Cortex_Macaque_2,Visual Cortex,20,0.8333332638888947,0.8765806601123164,0.7304838225532785,0.8333332638888947,0.8333332638888947,0.8999530295209055,0.722746133443638,0.8070448435695226,0.75,0.75,0.75
249,ID67_Visual_Cortex_Macaque_3,Visual Cortex,20,0.7096773735692017,0.7922698008400635,0.5622559514183707,0.8461537810650938,0.6111110771604957,0.7801930011911304,0.6388178912717543,0.6388178912717543,0.7692307692307693,0.5555555555555556,0.6451612903225806
250,ID67_Visual_Cortex_Macaque_4,Visual Cortex,20,0.8387096233090566,0.8340931103177472,0.6995619183592772,0.8124999492187531,0.8666666088888928,0.8700672416715297,0.7565020280653183,0.7565020280653183,0.8125,0.8666666666666667,0.8387096774193549
251,ID67_Visual_Cortex_Macaque_5,Visual Cortex,20,0.7727272376033073,0.8374183269287274,0.6470959504860189,0.7083333038194456,0.8499999575000021,0.843832091307359,0.7158495077991124,0.7158495077991124,0.7916666666666666,0.95,0.8636363636363636
252,ID67_Visual_Cortex_Macaque_6,Visual Cortex,20,0.6857142465306144,0.8398082297599218,0.5758684675000338,0.7058823114186875,0.6666666296296316,0.8469921802323137,0.6894829917102379,0.6894829917102379,0.7058823529411765,0.6666666666666666,0.6857142857142857
253,ID67_Visual_Cortex_Macaque_7,Visual Cortex,20,0.8571427755102119,0.9266247794258984,0.7942497352936524,0.8999999100000091,0.8181817438016598,0.9271955598329092,0.864272671810062,0.864272671810062,0.9,0.8181818181818182,0.8571428571428571
254,ID67_Visual_Cortex_Macaque_8,Visual Cortex,20,0.5999999600000027,0.8524269291533256,0.5114561233949205,0.5624999648437522,0.6428570969387788,0.8282702177258794,0.6832219404605644,0.6926508569273713,0.625,0.7142857142857143,0.6666666666666666
255,ID67_Visual_Cortex_Macaque_9,Visual Cortex,20,0.6896551248513707,0.8742198026310123,0.6029101671310314,0.7142856632653098,0.6666666222222252,0.8624239587535155,0.6338265366734239,0.6312977098433463,0.7142857142857143,0.6666666666666666,0.6896551724137931
256,ID68_Visual_Cortex_Macaque_1,Visual Cortex,20,0.7999999542857168,0.8716511525940819,0.6973208822283579,0.8235293633218022,0.7777777345679036,0.8656886158952752,0.7500248780226864,0.7500248780226864,0.8235294117647058,0.7777777777777778,0.8
257,ID68_Visual_Cortex_Macaque_10,Visual Cortex,20,0.7619046893424106,0.9030014493175779,0.6880010387180557,0.7999999200000081,0.7272726611570308,0.8697484894710026,0.769517652813337,0.769517652813337,0.9,0.8181818181818182,0.8571428571428571
258,ID68_Visual_Cortex_Macaque_11,Visual Cortex,20,0.7906976376419703,0.8422327227797699,0.6659514242467286,0.7727272376033073,0.8095237709750585,0.8730987933580001,0.7601920416014165,0.7601920416014165,0.7272727272727273,0.7619047619047619,0.7441860465116279
259,ID68_Visual_Cortex_Macaque_12,Visual Cortex,20,0.8648648181154152,0.891196623416036,0.7707646056157821,0.8888888395061756,0.8421052188365674,0.9207436948311665,0.8531279274640233,0.8531279274640233,0.8888888888888888,0.8421052631578947,0.8648648648648649
260,ID68_Visual_Cortex_Macaque_13,Visual Cortex,20,0.6153845207100738,0.8572683611915243,0.5275496795717566,0.799999840000032,0.4999999375000079,0.8160079706383248,0.6892005608164935,0.6892005608164935,0.8,0.5,0.6153846153846154
261,ID68_Visual_Cortex_Macaque_14,Visual Cortex,20,0.7692306508875921,0.850915013971855,0.6545499100475946,0.8333331944444675,0.7142856122449125,0.7510241236342685,0.6013119531336327,0.6013119531336327,0.8333333333333334,0.7142857142857143,0.7692307692307693
262,ID68_Visual_Cortex_Macaque_15,Visual Cortex,20,0.7272726611570308,0.8478262630827356,0.616600862551002,0.7272726611570308,0.7272726611570308,0.8088250176289014,0.6790144433850442,0.6790144433850442,0.7272727272727273,0.7272727272727273,0.7272727272727273
263,ID68_Visual_Cortex_Macaque_16,Visual Cortex,20,0.9333332711111153,0.8882631785145625,0.8290455780105531,0.9333332711111153,0.9333332711111153,0.9344379373930182,0.8769436996535349,0.8769436996535349,0.8666666666666667,0.8666666666666667,0.8666666666666667
264,ID68_Visual_Cortex_Macaque_2,Visual Cortex,20,0.6666666031746092,0.8398460923633251,0.5598973415853271,0.5833332847222263,0.7777776913580343,0.7959953792224879,0.6182701893546523,0.6182701893546523,0.4166666666666667,0.5555555555555556,0.47619047619047616
265,ID68_Visual_Cortex_Macaque_3,Visual Cortex,20,0.7741934984391292,0.8969811260033833,0.6944369559744287,0.8571427959183717,0.7058823114186875,0.9302757536126393,0.8411153490936321,0.8411153490936321,0.9285714285714286,0.7647058823529411,0.8387096774193549
266,ID68_Visual_Cortex_Macaque_4,Visual Cortex,20,0.7272726831955949,0.8666005426789418,0.6302549019328727,0.7499999531250029,0.7058823114186875,0.8335080844967988,0.6525788594453406,0.6943431509402204,0.6875,0.6470588235294118,0.6666666666666666
267,ID68_Visual_Cortex_Macaque_5,Visual Cortex,20,0.6666666262626286,0.841034076677379,0.5606893504704131,0.7857142295918408,0.5789473379501401,0.7944405512266737,0.6163808828332378,0.6182196181611964,0.7857142857142857,0.5789473684210527,0.6666666666666666
268,ID68_Visual_Cortex_Macaque_6,Visual Cortex,20,0.903225748178984,0.834475392937954,0.7537196611233352,0.9999999285714337,0.8235293633218022,0.8816487552114237,0.7883469163376295,0.7883469163376295,0.9285714285714286,0.7647058823529411,0.8387096774193549
269,ID68_Visual_Cortex_Macaque_7,Visual Cortex,20,0.8235293633218022,0.8509261019727967,0.7007626309915602,0.8235293633218022,0.8235293633218022,0.861911987803529,0.7530650010695044,0.7530650010695044,0.8235294117647058,0.8235294117647058,0.8235294117647058
270,ID68_Visual_Cortex_Macaque_8,Visual Cortex,20,0.8799999296000057,0.9114230637331854,0.8020522319210247,0.9999999090909174,0.7857142295918408,0.9043744348769474,0.825441157696402,0.825441157696402,1.0,0.7857142857142857,0.88
271,ID68_Visual_Cortex_Macaque_9,Visual Cortex,20,0.5333332622222317,0.8500445188837853,0.4533570162904166,0.44444439506173394,0.6666665555555741,0.741816027145339,0.5866039951617852,0.5866039951617852,0.5555555555555556,0.8333333333333334,0.6666666666666666
272,ID69_Visual_Cortex_Macaque_1,Visual Cortex,20,0.7142856632653098,0.8229589740910548,0.587827796648768,0.6666666222222252,0.7692307100591762,0.8478407102887232,0.6329086115297772,0.6329086115297772,0.6,0.6923076923076923,0.6428571428571429
273,ID69_Visual_Cortex_Macaque_10,Visual Cortex,20,0.7499999531250029,0.8901672870157332,0.6676254235352109,0.6666666296296316,0.8571427959183717,0.9046641894013274,0.7950223991244377,0.7950223991244377,0.6666666666666666,0.8571428571428571,0.75
274,ID69_Visual_Cortex_Macaque_11,Visual Cortex,20,0.7027026647187748,0.8859515307376836,0.6225605014610478,0.7222221820987677,0.684210490304711,0.8677917707200432,0.7604344313113334,0.7604344313113334,0.7777777777777778,0.7368421052631579,0.7567567567567568
275,ID69_Visual_Cortex_Macaque_12,Visual Cortex,20,0.6111110771604957,0.7621620683425517,0.4657656825556882,0.6111110771604957,0.6111110771604957,0.800386014341891,0.4656713485447725,0.46679006963558467,0.5555555555555556,0.5555555555555556,0.5555555555555556
276,ID69_Visual_Cortex_Macaque_13,Visual Cortex,20,0.7586206373365079,0.8225463792880429,0.6240006584943321,0.7857142295918408,0.7333332844444478,0.870214531179909,0.6707473048903027,0.6877375474407144,0.6428571428571429,0.6,0.6206896551724138
277,ID69_Visual_Cortex_Macaque_14,Visual Cortex,20,0.8799999296000057,0.8941125074400298,0.7868189436017108,0.9166665902777842,0.8461537810650938,0.9113351427613199,0.8342816499722283,0.8342816499722283,0.8333333333333334,0.7692307692307693,0.8
278,ID69_Visual_Cortex_Macaque_15,Visual Cortex,20,0.6999999650000017,0.8627789601525614,0.6039452419095308,0.7368420664819965,0.6666666349206364,0.7587210624114831,0.5713193382058029,0.5967320261004552,0.6842105263157895,0.6190476190476191,0.65
279,ID69_Visual_Cortex_Macaque_16,Visual Cortex,20,0.6666666222222252,0.9323482439359309,0.6215654545195902,0.6249999609375024,0.7142856632653098,0.8920985555916542,0.7607594935833418,0.7607594935833418,0.75,0.8571428571428571,0.8
280,ID69_Visual_Cortex_Macaque_2,Visual Cortex,20,0.7692307100591762,0.8523759908331249,0.6556737886659585,0.8333332638888947,0.7142856632653098,0.8911323739251765,0.8036417990482889,0.8036417990482889,0.9166666666666666,0.7857142857142857,0.8461538461538461
281,ID69_Visual_Cortex_Macaque_3,Visual Cortex,20,0.7647058373702448,0.8516923874548854,0.6512941403305511,0.8124999492187531,0.7222221820987677,0.8668293647604493,0.7586126898551662,0.7586126898551662,0.75,0.6666666666666666,0.7058823529411765
282,ID69_Visual_Cortex_Macaque_4,Visual Cortex,20,0.8666666088888928,0.8971262937255695,0.7775094027282001,0.8666666088888928,0.8666666088888928,0.9479899163494766,0.900882723719939,0.900882723719939,0.8,0.8,0.8
283,ID69_Visual_Cortex_Macaque_5,Visual Cortex,20,0.7692307100591762,0.9187645041686336,0.706741871918805,0.7692307100591762,0.7692307100591762,0.922631620048296,0.8480555152742437,0.8480555152742437,0.8461538461538461,0.8461538461538461,0.8461538461538461
284,ID69_Visual_Cortex_Macaque_6,Visual Cortex,20,0.7272726831955949,0.8986342886542389,0.6535521703211331,0.6666666296296316,0.7999999466666703,0.879520197513993,0.7761879894750717,0.7761879894750717,0.7777777777777778,0.9333333333333333,0.8484848484848485
285,ID69_Visual_Cortex_Macaque_7,Visual Cortex,20,0.8936169832503411,0.8452382752984542,0.7553192776999259,0.8749999635416682,0.9130434385633287,0.9271248604318639,0.8536801654704641,0.8536801654704641,0.875,0.9130434782608695,0.8936170212765957
286,ID69_Visual_Cortex_Macaque_8,Visual Cortex,20,0.7428571004081657,0.8715292863073423,0.6474217185470703,0.7222221820987677,0.7647058373702448,0.9127745518232281,0.8395448739301584,0.8395448739301584,0.7222222222222222,0.7647058823529411,0.7428571428571429
287,ID69_Visual_Cortex_Macaque_9,Visual Cortex,20,0.7272726831955949,0.8790462629931436,0.6393063343400841,0.7499999531250029,0.7058823114186875,0.8907376593947076,0.7209067443922224,0.750910415058156,0.75,0.7058823529411765,0.7272727272727273
